,family,product,steel,carbon,hardness,temper_rolling,condition,formability,strength,non-ageing,surface-finish,surface-quality,enamelability,bc,bf,bt,bw/me,bl,m,chrom,phos,cbond,marvi,exptl,ferro,corr,blue/bright/varn/clean,lustre,jurofm,s,p,shape,thick,width,len,oil,bore,packing,classes
0,?,C,A,8,0,?,S,?,0,?,?,G,?,?,?,?,?,?,?,?,?,?,?,?,?,?,?,?,?,?,?,COIL,0.7,610.0,0,?,0,?,3
1,?,C,R,0,0,?,S,2,0,?,?,E,?,?,?,?,?,?,?,?,?,?,?,?,?,?,?,Y,?,?,?,COIL,3.2,610.0,0,?,0,?,3
2,?,C,R,0,0,?,S,2,0,?,?,E,?,?,Y,?,B,?,?,?,?,?,?,?,?,?,?,?,?,?,?,SHEET,0.7,1300.0,762,?,0,?,3
3,?,C,A,0,60,T,?,?,0,?,?,G,?,?,?,?,M,?,?,?,?,?,?,?,?,?,?,?,?,?,?,COIL,2.801,385.1,0,?,0,?,3
4,?,C,A,0,60,T,?,?,0,?,?,G,?,?,?,?,B,Y,?,?,?,Y,?,?,?,?,?,?,?,?,?,SHEET,0.8009999999999999,255.0,269,?,0,?,3
5,?,C,A,0,45,?,S,?,0,?,?,D,?,?,?,?,?,?,?,?,?,?,?,?,?,?,?,?,?,?,?,COIL,1.6,610.0,0,?,0,?,3
6,?,C,R,0,0,?,S,2,0,?,?,E,?,?,?,?,?,Y,?,?,?,?,?,?,?,?,?,?,?,?,?,SHEET,0.6990000000000001,610.0,4880,Y,0,?,3
7,?,C,A,0,0,?,S,2,0,?,?,E,?,?,?,?,?,?,?,?,?,?,?,?,?,?,?,Y,?,?,?,COIL,3.3,152.0,0,?,0,?,3
8,?,C,R,0,0,?,S,2,0,?,?,E,?,?,?,?,?,?,?,?,?,?,?,?,?,?,?,Y,?,?,?,COIL,0.6990000000000001,1320.0,0,?,0,?,3
9,?,C,A,0,0,?,S,3,0,N,?,E,?,?,?,?,?,?,?,?,?,?,?,?,?,?,?,?,?,?,?,SHEET,1.0,1320.0,762,?,0,?,3
10,?,C,R,0,0,?,S,2,0,?,?,E,?,?,?,?,?,?,?,?,?,?,?,?,?,?,?,?,?,?,?,COIL,1.2,610.0,0,?,0,?,3
11,?,C,R,0,0,?,S,2,0,?,?,E,?,?,?,?,?,Y,?,?,?,?,?,?,?,?,?,?,?,?,?,SHEET,0.3,1320.0,4880,Y,0,?,3
12,?,C,R,0,0,?,S,2,0,?,?,E,?,?,?,?,B,Y,?,?,?,Y,?,?,?,?,?,?,?,?,?,SHEET,1.2,610.0,150,?,0,?,3
13,?,C,A,0,45,?,S,?,0,?,?,D,?,?,?,?,?,?,?,?,?,?,?,?,?,?,?,?,?,?,?,COIL,1.2,609.9,0,?,0,?,3
14,?,C,A,0,0,?,S,2,0,?,?,F,?,?,Y,?,?,?,?,?,?,?,?,?,?,?,?,?,?,?,?,SHEET,0.6,1220.0,761,?,0,?,3
15,?,C,A,0,0,?,S,2,0,?,?,E,?,?,?,?,?,?,?,?,?,?,?,?,?,?,?,?,?,?,?,SHEET,4.0,1320.0,762,?,0,?,3
16,?,C,A,10,0,?,?,?,0,?,?,E,?,?,?,?,?,?,?,?,?,?,?,?,?,?,?,?,?,?,?,COIL,3.201,600.0,0,?,0,?,U
17,?,C,A,0,80,T,?,?,0,?,?,G,?,?,?,?,?,?,?,?,?,?,?,?,?,?,?,?,?,?,?,SHEET,0.8,610.0,4170,Y,0,?,U
18,?,C,A,0,0,?,S,2,0,?,?,E,?,?,?,?,?,?,?,?,?,?,?,?,?,?,?,?,?,?,?,SHEET,3.2,1320.1,762,?,0,?,3
19,?,C,A,0,70,T,?,?,0,?,?,G,?,?,?,?,?,?,?,?,?,?,?,?,?,?,?,?,?,?,?,COIL,0.501,1200.1,0,?,0,?,3
20,?,C,A,0,0,?,S,2,0,?,?,F,?,?,Y,?,?,Y,?,?,?,?,?,?,?,?,?,?,?,?,?,SHEET,0.6,610.0,761,?,0,?,3
21,?,C,K,55,0,?,?,?,0,?,?,?,?,?,?,?,?,?,?,?,?,?,?,?,?,?,?,?,?,?,?,COIL,0.8,610.0,0,?,0,?,3
22,?,C,A,0,85,T,?,?,0,?,?,G,?,?,?,?,?,?,?,?,?,?,?,?,?,?,?,?,?,?,?,COIL,1.001,50.0,0,?,0,?,U
23,?,C,S,70,0,?,?,?,0,?,?,?,?,?,?,?,?,?,?,?,?,?,?,?,?,?,?,?,?,?,?,COIL,3.2,609.9,0,?,0,?,3
24,?,C,A,3,0,T,?,?,0,?,?,?,?,?,Y,?,?,?,?,?,?,?,?,?,?,?,?,?,?,?,?,COIL,0.5,610.0,0,?,0,?,1
25,?,C,?,0,50,T,?,?,0,?,?,G,?,?,?,Y,?,?,?,?,?,?,?,?,?,?,?,?,?,?,?,COIL,3.2,1320.0,0,?,0,?,3
26,?,C,A,0,60,T,?,?,0,?,?,G,?,?,?,?,B,Y,?,?,?,Y,?,?,?,?,?,?,?,?,?,SHEET,0.8,356.0,4880,?,0,?,3
27,?,C,R,0,0,?,S,2,0,?,?,E,?,?,?,?,?,?,?,?,?,Y,?,?,?,?,?,?,?,?,?,SHEET,0.7,609.9,4170,?,0,?,3
28,?,C,K,55,0,?,?,?,0,?,?,?,?,?,?,?,?,?,?,?,?,?,?,?,?,?,?,?,?,?,?,COIL,0.8,900.0,0,?,0,?,3
29,?,C,W,0,0,?,?,?,310,?,?,G,?,?,?,?,?,?,?,?,?,?,?,?,?,?,?,?,?,?,?,COIL,1.6,610.0,0,?,500,?,3
30,TN,C,A,0,0,?,?,3,0,N,?,?,?,?,?,?,B,?,?,?,?,?,?,?,Y,?,?,?,?,?,?,SHEET,0.6,610.0,4880,?,0,?,5
31,?,C,?,0,45,?,S,?,0,?,?,E,?,?,?,?,?,?,?,?,?,Y,?,?,?,?,?,?,?,?,?,SHEET,1.4,1320.0,4170,?,0,?,3
32,?,C,A,0,45,?,S,?,0,?,?,D,?,?,?,?,B,?,?,?,?,?,?,?,?,?,?,?,?,?,?,SHEET,0.6990000000000001,1320.0,762,?,0,?,3
33,?,C,A,0,85,T,?,?,0,?,?,G,?,?,?,?,?,?,?,?,?,?,?,?,?,?,?,?,?,?,?,COIL,4.0,450.0,0,?,0,?,U
34,?,C,A,0,0,?,S,3,0,N,?,F,?,?,?,?,?,?,?,?,?,?,?,?,?,?,?,?,?,?,?,SHEET,0.75,1320.0,4880,?,0,?,3
35,TN,C,A,0,0,?,?,3,0,N,?,?,?,?,?,?,B,?,?,?,?,?,?,?,?,?,?,?,?,?,?,COIL,1.6,1220.0,0,?,0,?,5
36,?,C,M,0,0,?,?,?,350,?,?,G,?,?,?,Y,?,?,?,?,?,?,?,?,?,?,?,?,?,?,?,COIL,1.399,1320.0,0,?,0,?,3
37,?,C,A,0,50,T,?,?,0,?,?,G,?,?,?,Y,?,?,?,?,?,?,?,?,?,?,?,?,?,?,?,COIL,0.6,1320.0,0,?,0,?,3
38,?,C,R,0,0,?,S,2,0,?,?,E,?,?,?,?,?,?,?,?,?,?,?,?,?,?,?,?,?,?,?,COIL,0.6509999999999999,20.0,0,?,0,?,3
39,?,C,R,0,0,?,S,2,0,?,?,E,?,?,?,?,?,?,?,?,?,?,?,?,?,?,?,?,?,?,?,SHEET,1.6,374.9,4880,?,0,?,3
40,ZS,C,A,0,0,?,S,3,0,N,?,E,?,?,?,?,?,?,?,?,?,?,?,?,?,?,?,?,?,?,?,COIL,1.6,50.0,0,?,0,?,3
41,?,C,R,0,0,?,S,2,0,?,?,E,?,?,Y,?,?,Y,?,?,?,?,?,?,?,?,?,?,?,?,?,SHEET,0.6990000000000001,1320.0,4880,Y,0,?,3
42,ZS,C,A,0,50,T,?,?,0,?,?,E,?,?,?,?,?,?,?,?,?,?,?,?,?,?,?,?,?,?,?,COIL,0.7,610.0,0,?,0,?,3
43,?,C,R,0,0,?,S,3,0,?,?,E,?,?,?,?,?,?,?,?,?,?,?,?,?,?,?,?,?,?,?,SHEET,0.6,610.0,762,?,0,?,3
44,TN,C,A,0,0,?,?,3,0,N,?,?,?,?,?,?,?,?,?,?,?,?,?,?,Y,?,?,?,?,?,?,COIL,0.799,20.0,0,?,0,?,5
45,?,C,A,0,0,?,S,2,0,?,?,F,?,?,Y,?,?,?,?,?,?,?,?,?,?,?,?,?,?,?,?,SHEET,0.6,610.0,301,?,0,?,3
46,?,C,R,0,0,?,S,3,0,?,?,E,?,?,?,?,?,?,?,?,?,?,?,?,?,?,?,?,?,?,?,SHEET,0.601,610.0,4880,?,0,?,3
47,?,C,A,0,45,?,S,?,0,?,?,D,?,?,?,?,?,Y,?,?,?,?,?,?,?,?,?,?,?,?,?,SHEET,0.7,1320.0,4880,?,0,?,3
48,?,C,W,0,0,?,?,?,310,?,?,G,?,?,?,?,B,?,?,?,?,?,?,?,?,?,?,?,?,?,?,COIL,2.5,1274.9,0,?,500,?,3
49,?,C,A,0,0,?,S,2,0,?,?,G,?,?,?,?,?,?,?,?,?,?,?,?,?,?,?,?,?,?,?,SHEET,0.6990000000000001,1320.0,4880,N,0,?,3
50,?,C,A,0,0,?,S,2,0,?,?,E,?,?,?,?,B,Y,?,?,?,?,?,?,?,?,?,?,?,?,?,SHEET,0.7,609.9,762,?,0,?,3
51,?,C,?,0,0,?,S,1,0,?,?,G,?,?,?,?,?,?,?,?,?,?,?,?,?,?,?,?,?,?,?,SHEET,0.3,1320.0,761,?,0,?,3
52,?,C,R,0,0,?,S,2,0,?,?,E,?,?,?,?,B,Y,?,?,?,?,?,?,?,?,?,?,?,?,?,SHEET,1.599,1300.0,762,?,0,?,3
53,?,C,A,0,45,?,S,?,0,?,?,D,?,?,?,?,?,?,?,?,?,?,?,?,?,?,?,?,?,?,?,SHEET,0.599,150.0,4880,?,0,?,3
54,?,C,A,0,0,?,S,2,0,?,?,E,?,?,?,Y,?,?,?,?,?,?,?,?,?,?,?,?,?,?,?,COIL,0.7,1320.0,0,?,0,?,3
55,?,C,R,0,0,?,S,2,0,?,?,E,?,?,?,?,?,?,?,?,?,?,?,?,?,?,?,?,?,?,?,SHEET,0.7,374.9,4880,?,0,?,3
56,?,C,?,0,0,?,A,2,0,?,?,G,?,?,?,?,?,?,?,?,?,?,?,?,?,?,?,?,?,?,?,SHEET,0.301,610.0,762,Y,0,?,3
57,?,C,A,0,0,?,?,?,500,?,?,G,?,?,?,?,?,?,?,?,?,?,?,?,?,?,?,?,?,?,?,COIL,1.6,1320.0,0,?,0,?,3
58,?,C,A,0,0,?,S,2,0,?,?,G,?,?,?,Y,?,?,?,?,?,?,?,?,?,?,?,?,?,?,?,SHEET,3.2,1300.0,762,?,0,?,3
59,ZS,C,A,0,0,?,S,5,0,N,?,E,?,?,?,?,?,?,?,?,?,?,?,?,?,?,?,?,?,?,?,SHEET,1.2,610.0,762,?,0,?,3
60,ZS,C,A,0,0,?,S,5,0,N,?,E,?,?,?,?,?,?,?,?,?,?,?,?,?,?,?,?,?,?,?,SHEET,1.2,610.0,4880,?,0,?,3
61,?,C,A,0,0,?,S,3,0,N,?,F,?,?,?,?,B,Y,?,?,?,Y,?,?,?,?,?,?,?,?,?,SHEET,0.6,1220.0,762,?,0,?,3
62,?,C,A,0,45,?,S,?,0,?,?,D,?,?,?,?,?,?,?,?,?,?,?,?,?,?,?,?,?,?,?,COIL,0.301,610.0,0,?,0,?,3
63,ZS,C,A,0,85,T,?,?,0,?,?,E,?,?,?,Y,?,?,?,?,?,?,?,?,?,?,?,?,?,?,?,SHEET,1.0,610.0,762,?,0,?,U
64,?,C,R,0,0,?,S,2,0,?,?,E,?,?,?,?,B,?,?,?,?,?,?,?,?,?,?,?,?,?,?,SHEET,1.6,500.0,762,?,0,?,3
65,?,C,?,0,0,?,S,1,0,?,?,G,?,?,?,?,B,Y,?,?,?,?,?,?,?,?,?,?,?,?,?,SHEET,0.301,515.0,610,Y,0,?,3
66,TN,C,A,0,0,?,?,3,0,N,?,?,?,?,?,?,?,?,?,C,?,?,?,?,?,?,?,?,?,?,?,SHEET,1.2,335.0,611,?,0,?,5
67,?,C,R,0,0,?,S,3,0,?,?,?,?,?,?,?,?,?,?,?,?,?,?,?,?,?,?,?,?,?,?,SHEET,0.8,1320.0,762,?,0,?,2
68,?,C,A,0,0,?,S,2,0,?,?,E,?,?,?,?,?,?,?,?,?,?,?,?,?,?,?,?,?,?,?,COIL,0.4,20.0,0,?,0,?,3
69,TN,C,A,0,0,?,?,3,0,N,?,?,?,?,?,?,?,?,?,C,?,?,?,?,?,?,?,?,?,?,?,COIL,0.6,250.0,0,?,0,?,5
70,?,C,A,0,70,T,?,?,0,?,?,G,?,?,?,?,?,?,?,?,?,?,?,?,?,?,?,?,?,?,?,COIL,0.8009999999999999,610.0,0,?,600,?,3
71,?,C,R,0,0,?,S,2,0,?,?,E,?,?,?,Y,M,?,?,?,?,?,?,?,?,?,?,?,?,?,?,COIL,3.5,610.0,0,?,600,?,3
72,?,C,?,0,0,?,S,1,0,?,?,G,?,?,?,?,?,?,?,?,?,?,?,?,?,?,?,?,?,?,?,SHEET,0.6990000000000001,610.0,762,Y,0,?,3
73,?,C,R,0,0,?,S,2,0,?,?,E,?,?,?,?,B,?,?,?,?,?,?,?,?,?,?,?,?,?,?,COIL,0.799,1300.0,0,?,0,?,3
74,?,C,A,4,0,T,?,?,0,?,?,G,?,?,?,?,?,?,?,?,?,?,?,?,?,?,?,?,?,?,?,COIL,0.5,1130.0,0,?,0,?,3
75,?,C,R,0,0,?,S,3,0,?,?,E,?,?,?,?,?,?,?,?,?,?,?,?,?,?,?,?,?,?,?,SHEET,0.6,609.0,612,?,0,?,3
76,?,C,?,0,0,?,?,?,500,?,P,?,?,?,?,?,?,?,?,?,?,?,?,?,?,?,?,?,?,?,?,SHEET,1.6,609.9,4880,?,0,?,2
77,?,C,A,0,0,?,S,3,0,N,?,G,?,?,?,?,?,?,?,?,?,?,?,?,?,?,?,?,?,?,?,COIL,0.601,1320.0,0,?,0,?,3
78,ZS,C,A,0,70,T,?,?,0,?,?,E,?,?,?,?,?,?,?,?,?,?,?,?,?,?,?,?,?,?,?,COIL,2.0,1250.0,0,?,0,?,3
79,?,C,R,0,0,?,S,2,0,?,?,E,?,?,Y,?,?,?,?,?,?,?,?,?,?,?,?,?,?,?,?,SHEET,3.2,1320.0,4880,?,0,?,3
80,?,C,A,0,45,?,S,?,0,?,?,E,?,?,?,?,?,?,?,?,?,Y,?,?,?,?,?,?,?,?,?,COIL,0.7,610.0,0,?,0,?,3
81,?,C,A,0,0,?,S,2,0,?,?,F,?,?,Y,?,?,?,?,?,?,?,?,?,?,?,?,?,?,?,?,SHEET,0.6,610.0,762,?,0,?,3
82,?,C,V,0,0,?,S,2,0,?,?,?,2,?,?,?,?,?,?,?,?,?,?,?,?,?,?,?,?,?,?,SHEET,1.599,610.0,1,?,0,?,2
83,?,C,A,0,50,T,?,?,0,?,?,G,?,?,?,?,?,?,?,?,?,?,?,?,?,?,?,?,?,?,?,COIL,0.8,609.9,0,?,0,?,3
84,ZS,C,R,0,0,?,S,3,0,?,?,E,?,?,?,?,?,?,?,?,?,?,?,?,?,?,?,?,?,?,?,SHEET,1.6,610.0,4880,?,0,?,3
85,?,C,K,45,0,?,?,?,0,?,?,?,?,?,?,Y,M,?,?,?,?,?,?,?,?,?,?,?,?,?,?,COIL,3.2,640.0,0,?,600,?,3
86,?,C,R,0,0,?,S,3,0,?,?,?,?,?,?,?,B,?,?,?,?,?,?,?,?,?,?,?,?,?,?,SHEET,0.8,1320.0,4880,?,0,?,2
87,?,C,A,0,0,?,S,2,0,?,?,E,?,?,?,?,?,?,?,?,?,Y,?,?,?,?,?,?,?,?,?,COIL,1.6,610.0,0,?,0,3,3
88,?,C,M,0,0,?,?,?,600,?,?,G,?,?,?,Y,?,?,?,?,?,?,?,?,?,?,?,?,?,?,?,COIL,1.6,1090.0,0,?,0,?,2
89,TN,C,?,0,0,?,A,1,0,?,?,?,?,?,?,?,?,?,?,C,?,?,?,?,?,?,?,?,?,?,?,COIL,0.5,610.0,0,?,0,?,5
90,?,C,A,10,0,?,?,?,0,?,?,E,?,?,?,?,?,?,?,?,?,?,?,?,?,?,?,?,?,?,?,COIL,1.2009999999999998,1320.0,0,?,0,?,U
91,?,C,?,0,0,?,S,1,0,?,?,G,?,?,?,?,?,?,?,?,?,?,?,?,?,?,?,?,?,?,?,SHEET,0.3,610.0,762,Y,0,?,3
92,?,C,A,0,0,?,S,2,0,?,?,E,?,?,?,?,?,?,?,?,?,?,?,?,?,?,?,?,?,?,?,SHEET,0.7,1320.1,4880,?,0,?,3
93,?,C,A,0,0,?,S,2,0,?,?,E,?,?,?,?,?,Y,?,?,?,?,?,?,?,?,?,?,?,?,?,SHEET,0.7,610.0,4880,?,0,?,3
94,?,C,K,55,0,?,?,?,0,?,?,?,?,?,?,Y,M,?,?,?,?,?,?,?,?,?,?,Y,?,?,?,COIL,1.5,640.0,0,?,0,?,3
95,?,C,A,0,45,?,S,?,0,?,?,D,?,?,?,?,?,?,?,?,?,?,?,?,?,?,?,?,?,?,?,SHEET,0.599,609.9,4880,?,0,?,3
96,?,C,R,0,0,?,S,3,0,?,?,?,?,?,?,?,B,Y,?,?,?,?,?,?,?,?,?,?,?,?,?,SHEET,0.8,610.0,762,?,0,?,2
97,TN,C,A,0,0,?,?,3,0,N,?,?,?,?,?,?,?,?,?,?,?,?,?,?,Y,?,?,?,?,?,?,SHEET,1.6,610.0,761,?,0,?,5
98,TN,C,A,0,0,?,?,3,0,N,?,?,?,?,?,?,B,?,?,?,?,?,?,?,?,?,?,?,?,?,?,COIL,0.6,610.0,0,?,0,?,5
99,?,C,R,0,0,?,S,2,0,?,?,?,?,?,?,?,?,Y,?,?,?,?,?,?,?,?,?,?,?,?,?,SHEET,1.599,610.0,4880,?,0,?,2
100,?,C,R,0,0,?,S,2,0,?,?,?,?,?,?,?,B,Y,?,?,?,?,?,?,?,?,?,?,?,?,?,SHEET,2.0,610.0,612,?,0,?,2
101,?,C,R,0,0,?,?,?,500,?,?,?,?,?,?,?,?,?,?,?,?,?,?,?,?,?,?,?,?,?,?,SHEET,1.0,610.0,4880,?,0,?,3
102,?,C,A,0,0,?,S,2,0,?,?,F,?,?,?,?,?,?,?,?,?,?,?,?,?,?,?,?,?,?,?,SHEET,0.999,610.0,762,?,0,?,3
103,?,C,A,0,0,?,S,2,0,?,?,F,?,?,Y,?,B,Y,?,?,?,?,?,?,?,?,?,?,?,?,?,SHEET,0.6990000000000001,610.0,761,?,0,?,3
104,?,C,R,6,0,T,?,?,0,?,?,?,?,?,Y,?,?,?,?,?,?,?,?,?,?,?,?,?,?,?,?,COIL,0.5,25.0,0,?,0,?,3
105,?,C,A,0,45,?,S,?,0,?,?,D,?,?,?,?,?,Y,?,?,?,?,?,?,?,?,?,?,?,?,?,SHEET,0.7,610.0,762,?,0,?,3
106,?,C,A,0,45,?,S,?,0,?,?,D,?,?,?,?,B,?,?,?,?,?,?,?,?,?,?,?,?,?,?,COIL,1.6,610.0,0,?,0,?,3
107,TN,C,A,0,0,?,?,3,0,N,?,?,?,?,?,?,?,?,?,?,P,?,?,?,?,?,?,?,?,?,?,SHEET,0.5,1220.0,4880,?,0,?,5
108,?,C,R,0,0,?,S,2,0,?,?,E,?,?,Y,?,B,?,?,?,?,?,?,?,?,?,?,?,?,?,?,SHEET,0.7,1300.0,4880,?,0,?,3
109,?,C,A,0,0,?,S,2,0,?,?,E,?,?,?,?,B,?,?,?,?,?,?,?,?,?,?,?,?,?,?,SHEET,0.7,609.9,762,?,0,?,3
110,?,C,?,0,0,T,S,2,0,?,?,?,?,?,?,?,?,?,?,?,?,?,?,?,?,?,?,?,?,?,?,COIL,0.7,1320.0,0,?,0,?,3
111,?,C,A,0,70,T,?,?,0,?,?,G,?,?,?,?,B,?,?,?,?,?,?,?,?,?,?,?,?,?,?,COIL,0.8,50.0,0,?,0,?,3
112,TN,C,A,0,0,?,?,3,0,N,?,?,?,?,?,?,?,?,?,C,?,?,?,?,?,?,?,?,?,?,?,SHEET,0.6,1220.0,761,?,0,?,5
113,?,C,R,0,0,?,S,2,0,?,?,E,?,?,Y,?,?,?,?,?,?,?,?,?,?,?,?,?,?,?,?,SHEET,0.6990000000000001,610.0,4880,Y,0,?,3
114,?,C,R,0,0,?,?,?,500,?,?,?,?,?,?,?,?,?,?,?,?,?,?,?,?,?,?,?,?,?,?,SHEET,1.0,1100.0,762,?,0,?,3
115,?,C,M,0,0,?,?,?,600,?,?,G,?,?,?,?,?,?,?,?,?,?,?,?,?,?,?,?,?,?,?,COIL,1.6,1090.0,0,?,0,?,2
116,?,C,A,0,85,T,?,?,0,?,?,G,?,?,?,?,?,?,?,?,?,?,?,?,?,?,?,?,?,?,?,COIL,3.2,610.0,0,Y,0,?,U
117,?,C,A,0,45,?,S,?,0,?,?,D,?,?,?,?,?,?,?,?,?,?,?,?,?,?,?,?,?,?,?,SHEET,0.599,520.0,4880,?,0,?,3
118,ZS,C,R,0,0,?,A,2,0,?,?,G,?,?,?,?,?,?,?,?,?,?,?,?,?,?,?,?,?,?,?,COIL,0.25,20.0,0,?,0,?,3
119,?,C,S,0,0,?,?,?,400,?,?,?,?,?,?,?,?,?,?,?,?,?,?,?,?,?,V,?,?,?,?,COIL,0.8,75.0,0,?,0,?,1
120,?,C,R,0,0,?,S,2,0,?,?,E,?,?,?,?,?,?,?,?,?,?,?,?,?,?,?,?,?,?,?,SHEET,0.6990000000000001,610.0,4880,Y,0,?,3
121,?,C,A,0,0,?,S,2,0,?,?,G,?,?,?,Y,?,?,?,?,?,?,?,?,?,?,?,?,?,?,?,SHEET,0.7,1300.0,4880,?,0,?,3
122,?,C,A,0,45,?,S,?,0,?,?,D,?,?,?,?,B,?,?,?,?,?,?,?,?,?,?,?,?,?,?,COIL,0.6990000000000001,1320.0,0,?,0,?,3
123,?,C,A,4,0,T,?,?,0,?,?,G,?,?,?,?,?,?,?,?,?,?,?,?,?,?,?,?,?,?,?,COIL,1.0,1130.0,0,?,0,?,3
124,?,C,?,0,50,T,?,?,0,?,?,G,?,?,?,?,?,?,?,?,?,?,?,?,?,?,?,Y,?,?,?,COIL,0.451,1320.0,0,?,0,?,3
125,TN,C,A,0,0,?,?,3,0,N,?,?,?,?,?,?,?,?,?,?,?,?,?,?,Y,?,?,?,?,?,?,COIL,1.6,1220.0,0,?,0,?,5
126,?,C,W,0,0,?,?,?,310,?,?,G,?,?,?,?,?,?,?,?,?,?,?,?,?,?,?,?,?,?,?,COIL,1.599,1275.0,0,?,0,?,3
127,TN,C,A,0,0,?,?,3,0,N,?,?,?,?,?,?,?,?,?,C,?,?,?,?,?,?,?,?,?,?,?,SHEET,1.6,610.0,4880,?,0,?,5
128,?,C,R,0,0,?,S,3,0,?,?,?,?,?,?,?,?,?,?,?,?,?,?,?,?,?,?,?,?,?,?,COIL,1.599,610.0,0,?,0,?,2
129,?,C,R,0,0,?,S,2,0,?,?,?,?,?,?,?,B,Y,?,?,?,?,?,?,?,?,?,?,?,?,?,SHEET,2.0,610.0,4170,?,0,?,2
130,?,C,R,0,0,?,S,2,0,?,?,E,?,?,?,?,?,?,?,?,?,?,?,?,?,?,?,?,?,?,?,COIL,1.2,1220.0,0,?,0,?,3
131,?,C,K,45,0,?,?,?,0,?,?,?,?,?,?,?,?,?,?,?,?,?,?,?,?,?,?,?,?,?,?,COIL,1.09,610.0,0,?,0,?,3
132,?,C,R,0,0,?,S,2,0,?,?,?,?,?,?,?,B,Y,?,?,?,?,?,?,?,?,?,?,?,?,?,SHEET,1.599,1300.0,762,?,0,?,2
133,?,C,V,0,0,?,S,2,0,?,?,?,2,?,?,?,?,?,?,?,?,?,?,?,?,?,?,?,?,?,?,COIL,1.2009999999999998,1525.0,0,?,0,?,2
134,?,C,K,55,0,?,?,?,0,?,?,?,?,?,?,Y,?,?,?,?,?,?,?,?,?,?,?,?,?,?,?,COIL,1.1,900.0,0,?,0,?,3
135,?,C,R,0,0,?,S,3,0,?,?,?,?,?,?,?,?,?,?,?,?,?,?,?,?,?,?,?,?,?,?,SHEET,2.0,1525.0,612,?,0,?,2
136,?,C,A,0,0,?,S,2,0,?,?,E,?,?,?,?,M,?,?,?,?,?,?,?,?,?,?,?,?,?,?,COIL,3.5,610.0,0,?,600,?,3
137,?,C,A,0,50,T,?,?,0,?,?,G,?,?,?,Y,?,?,?,?,?,?,?,?,?,?,?,?,?,?,?,COIL,0.6,610.0,0,?,0,?,3
138,TN,C,A,0,0,?,?,3,0,N,?,?,?,?,?,?,?,?,?,?,P,?,?,?,?,?,?,?,?,?,?,COIL,1.6,610.0,0,?,0,?,5
139,?,C,W,0,0,?,?,?,310,?,?,G,?,?,Y,?,?,?,?,?,?,?,?,?,?,?,?,?,?,?,?,SHEET,2.5,610.0,4880,?,0,?,3
140,?,C,A,0,60,T,?,?,0,?,?,G,?,?,?,?,?,?,?,?,?,?,?,?,?,?,?,Y,?,?,?,COIL,0.6,50.0,0,?,0,?,3
141,?,C,A,0,45,?,S,?,0,?,?,D,?,?,?,?,?,?,?,?,?,?,?,?,?,?,?,?,?,?,?,SHEET,0.6990000000000001,1320.0,760,N,0,?,3
142,?,C,R,0,0,?,A,3,0,?,?,G,?,?,?,?,?,?,?,?,?,Y,?,?,?,?,?,?,?,?,?,COIL,0.4,58.0,0,?,0,?,3
143,?,C,R,0,0,?,S,2,0,?,?,E,?,?,?,?,B,?,?,?,?,?,?,?,?,?,?,?,?,?,?,COIL,3.2,609.9,0,?,0,?,3
144,?,C,?,0,0,?,A,2,0,?,?,G,?,?,?,?,?,?,?,?,?,?,?,?,?,?,?,?,?,?,?,COIL,0.7,1320.0,0,?,0,?,3
145,ZS,C,A,0,50,T,?,?,0,?,?,E,?,?,Y,?,?,?,?,?,?,?,?,?,?,?,?,?,?,?,?,COIL,1.6,1250.0,0,?,0,?,3
146,?,C,R,0,0,?,S,3,0,?,?,?,?,?,?,?,?,?,?,?,?,?,?,?,?,?,?,?,?,?,?,SHEET,1.601,830.0,881,?,0,?,2
147,?,C,M,0,0,?,?,?,350,?,?,G,?,?,?,Y,?,?,?,?,?,?,?,?,?,?,?,?,?,?,?,COIL,0.9,1320.0,0,?,0,?,3
148,?,C,V,0,0,?,S,2,0,?,?,?,2,?,?,?,?,?,?,?,?,?,?,?,?,?,?,?,?,?,?,COIL,2.0,1525.0,0,?,0,?,2
149,?,C,A,0,0,?,S,2,0,?,?,F,?,?,Y,?,B,?,?,?,?,?,?,?,?,?,?,?,?,?,?,SHEET,0.6990000000000001,520.0,762,?,0,?,3
150,?,C,A,0,60,T,?,?,0,?,?,G,?,?,?,?,?,?,?,?,?,Y,?,?,?,?,?,?,?,?,?,COIL,0.8,710.1,0,?,0,?,3
151,ZS,C,A,0,50,T,?,?,0,?,?,E,?,?,?,?,?,?,?,?,?,?,?,?,?,?,?,?,?,?,?,COIL,0.6,610.0,0,?,0,?,3
152,?,C,R,0,0,?,?,?,500,?,?,?,?,?,?,Y,?,?,?,?,?,?,?,?,?,?,?,?,?,?,?,COIL,1.6,1320.0,0,?,0,?,3
153,?,C,R,0,0,?,S,3,0,?,?,E,?,?,?,?,?,?,?,?,?,?,?,?,?,?,?,?,?,?,?,SHEET,0.6,610.0,4880,?,0,?,3
154,?,C,A,0,0,?,S,2,0,?,?,E,?,?,?,?,B,Y,?,?,?,?,?,?,?,?,?,?,?,?,?,SHEET,1.6,1320.0,1000,?,0,?,3
155,?,C,A,0,0,?,S,2,0,?,?,G,?,?,?,?,B,Y,?,?,?,?,?,?,?,?,?,?,?,?,?,SHEET,0.7,610.0,4880,?,0,?,3
156,?,C,A,0,45,?,S,?,0,?,?,D,?,?,?,?,?,?,?,?,?,?,?,?,?,?,?,?,?,?,?,COIL,0.6990000000000001,1320.0,0,N,0,?,3
157,?,C,A,0,85,T,?,?,0,?,?,G,?,?,?,?,M,?,?,?,?,?,?,?,?,?,?,Y,?,?,?,COIL,3.201,1000.0,0,?,600,?,U
158,TN,C,A,0,0,?,?,3,0,N,?,?,?,?,?,?,B,?,?,?,?,?,?,?,Y,?,?,?,?,?,?,SHEET,0.6,1220.0,4880,?,0,?,5
159,ZS,C,A,0,0,?,S,3,0,N,?,E,?,?,?,?,?,?,?,?,?,?,?,?,?,?,?,?,?,?,?,COIL,1.0,75.0,0,?,0,?,3
160,TN,C,?,0,0,?,A,1,0,?,?,?,?,?,?,?,?,?,?,?,P,?,?,?,?,?,?,?,?,?,?,COIL,1.6,1220.0,0,?,0,?,5
161,?,C,A,0,0,?,S,2,0,?,?,E,?,?,?,?,B,?,?,?,?,?,?,?,?,?,?,?,?,?,?,COIL,3.2,609.9,0,?,0,?,3
162,?,C,R,0,0,?,S,2,0,?,?,E,?,?,?,?,?,?,?,?,?,?,?,?,?,?,?,Y,?,?,?,COIL,0.7,1320.0,0,?,0,?,3
163,?,C,A,0,70,T,?,?,0,?,?,G,?,?,?,?,B,?,?,?,?,?,?,?,?,?,?,?,?,?,?,COIL,2.5,609.9,0,?,0,?,3
164,?,C,A,0,0,?,S,2,0,?,?,F,?,?,Y,?,B,Y,?,?,?,?,?,?,?,?,?,?,?,?,?,SHEET,0.6990000000000001,609.9,0,?,0,?,3
165,?,C,R,0,0,?,S,2,0,?,?,E,?,?,?,?,B,Y,?,?,?,?,?,?,?,?,?,?,?,?,?,SHEET,3.2,610.0,1000,?,0,?,3
166,?,C,R,0,0,?,S,2,0,?,?,E,?,?,?,?,?,?,?,?,?,?,?,?,?,?,?,?,?,?,?,COIL,0.9,966.1,0,?,0,?,3
167,?,C,A,0,0,?,S,3,0,N,?,E,?,?,?,Y,?,?,?,?,?,?,?,?,?,?,?,?,?,?,?,COIL,1.001,610.0,0,?,0,?,3
168,?,C,R,0,0,?,S,3,0,?,?,E,?,?,?,?,?,?,?,?,?,?,?,?,?,?,?,?,?,?,?,SHEET,0.601,375.0,612,?,0,?,3
169,TN,C,A,0,0,?,?,3,0,N,?,?,?,?,?,?,?,?,?,C,?,?,?,?,?,?,?,?,?,?,?,COIL,0.8,50.0,0,?,0,?,5
170,?,C,K,45,0,?,?,?,0,?,?,?,?,?,?,?,?,?,?,?,?,?,?,?,?,?,?,?,?,?,?,COIL,0.6,610.0,0,?,0,?,3
171,?,C,A,0,0,?,S,2,0,?,?,E,?,?,?,?,?,?,?,?,?,?,?,?,?,?,?,?,?,?,?,COIL,3.2,1320.0,0,?,0,?,3
172,TN,C,A,0,0,?,?,3,0,N,?,?,?,?,?,?,?,?,?,C,?,?,?,?,?,?,?,?,?,?,?,SHEET,0.6,610.0,4880,?,0,?,5
173,?,C,A,0,0,?,S,2,0,?,?,F,?,?,?,?,?,?,?,?,?,?,?,?,?,?,?,?,?,?,?,SHEET,0.999,1220.0,762,?,0,?,3
174,?,C,R,0,0,?,S,2,0,?,?,?,?,?,?,?,?,?,?,?,?,?,?,?,?,?,?,?,?,?,?,COIL,1.6,50.0,0,?,0,?,2
175,?,C,A,0,0,?,S,2,0,?,?,G,?,?,?,?,?,?,?,?,?,?,?,?,?,?,?,?,?,?,?,SHEET,1.2,335.0,4170,?,0,?,3
176,ZS,C,A,0,0,?,S,5,0,N,?,E,?,?,?,?,?,?,?,?,?,?,?,?,?,?,?,?,?,?,?,SHEET,1.2,1250.0,4880,N,0,?,3
177,?,C,W,0,0,?,?,?,310,?,?,G,?,?,?,?,?,?,?,?,?,?,?,?,?,?,?,?,?,?,?,COIL,2.5,1274.9,0,?,600,?,3
178,?,C,R,0,0,?,S,2,0,?,?,E,?,?,?,?,?,?,?,?,?,?,?,?,?,?,?,?,?,?,?,COIL,0.7,610.0,0,?,0,?,3
179,?,C,V,0,0,?,S,2,0,?,?,?,2,?,?,?,?,?,?,?,?,?,?,?,?,?,?,?,?,?,?,SHEET,0.8,1320.0,1,?,0,?,2
180,?,C,A,0,85,T,?,?,0,?,?,G,?,?,?,?,?,?,?,?,?,?,?,?,?,?,?,?,?,?,?,COIL,3.2,609.9,0,?,0,?,U
181,TN,C,A,0,0,?,?,3,0,N,?,?,?,?,?,?,?,?,?,?,?,?,?,?,Y,?,?,?,?,?,?,COIL,1.6,50.0,0,?,0,?,5
182,?,C,A,0,0,?,S,2,0,?,?,E,?,?,Y,?,?,?,?,?,?,?,?,?,?,?,?,?,?,?,?,SHEET,0.6990000000000001,610.0,4880,Y,0,?,3
183,?,C,A,0,0,?,S,2,0,?,?,E,?,?,Y,?,B,Y,?,?,?,?,?,?,?,?,?,?,?,?,?,SHEET,1.599,1300.0,4880,?,0,?,3
184,?,C,A,0,0,?,S,2,0,?,?,E,?,?,Y,?,?,?,?,?,?,?,?,?,?,?,?,?,?,?,?,SHEET,0.7,610.0,4880,?,0,?,3
185,?,C,A,0,0,?,S,3,0,N,?,E,?,?,?,?,?,?,?,?,?,?,?,?,?,?,?,Y,?,?,?,COIL,0.6,1320.0,0,?,0,?,3
186,?,C,?,0,0,?,A,2,0,?,?,G,?,?,?,?,?,?,?,?,?,?,?,?,?,?,?,?,?,?,?,SHEET,0.301,610.0,4880,Y,0,?,3
187,?,C,A,0,0,?,S,2,0,?,?,F,?,?,Y,?,B,Y,?,?,?,?,?,?,?,?,?,?,?,?,?,SHEET,0.6,1220.0,762,?,0,?,3
188,ZS,C,R,0,0,?,?,?,300,?,?,?,?,?,?,?,?,?,?,?,?,?,?,Y,?,?,?,?,?,?,?,COIL,0.8,915.1,0,?,0,?,1
189,?,C,A,0,85,T,?,?,0,?,?,G,?,?,?,?,M,?,?,?,?,?,?,?,?,?,?,?,?,?,?,COIL,4.0,1000.0,0,?,600,?,U
190,?,C,K,65,0,?,?,?,0,?,?,?,?,?,?,Y,M,?,?,?,?,?,?,?,?,?,?,?,?,?,?,COIL,1.5,640.0,0,?,0,?,3
191,TN,C,A,0,0,?,?,3,0,N,?,?,?,?,?,?,?,?,?,C,?,?,?,?,?,?,?,?,?,?,?,SHEET,1.2,335.0,612,?,0,?,5
192,?,C,A,0,0,?,S,2,0,?,?,F,?,?,Y,?,?,Y,?,?,?,?,?,?,?,?,?,?,?,?,?,SHEET,0.6,520.0,4880,?,0,?,3
193,?,C,A,0,0,?,S,2,0,?,?,E,?,?,Y,?,?,?,?,?,?,?,?,?,?,?,?,?,?,?,?,COIL,1.6,1320.0,0,?,0,?,3
194,?,C,R,0,0,?,S,2,0,?,?,E,?,?,?,?,?,?,?,?,?,?,?,?,?,?,?,Y,?,?,?,COIL,3.2,1320.0,0,?,0,?,3
195,?,C,A,0,0,?,S,2,0,?,?,G,?,?,?,?,?,?,?,?,?,?,?,?,?,?,?,?,?,?,?,COIL,0.4,20.0,0,?,0,?,3
196,?,C,A,0,0,?,S,2,0,?,?,E,?,?,Y,?,?,?,?,?,?,?,?,?,?,?,?,?,?,?,?,SHEET,0.3,610.0,4880,Y,0,?,3
197,?,C,A,0,0,?,S,2,0,?,?,F,?,?,Y,?,B,?,?,?,?,?,?,?,?,?,?,?,?,?,?,SHEET,0.6,610.0,4880,?,0,?,3
198,?,C,A,0,0,?,S,2,0,?,?,F,?,?,Y,?,?,Y,?,?,?,?,?,?,?,?,?,?,?,?,?,SHEET,0.6990000000000001,520.0,4880,?,0,?,3
199,?,C,A,0,45,?,S,?,0,?,?,D,?,?,?,?,B,Y,?,?,?,?,?,?,?,?,?,?,?,?,?,SHEET,0.3,610.0,762,?,0,?,3
200,?,C,R,0,0,?,S,2,0,?,?,E,?,?,Y,?,?,?,?,?,?,?,?,?,?,?,?,?,?,?,?,COIL,0.6990000000000001,610.0,0,?,0,3,3
201,?,C,R,0,0,?,S,2,0,?,?,E,?,?,?,?,?,?,?,?,?,?,?,?,?,?,?,?,?,?,?,SHEET,3.2,610.0,762,?,0,?,3
202,ZS,C,A,0,50,T,?,?,0,?,?,E,?,?,?,?,?,?,?,?,?,?,?,?,?,?,?,?,?,?,?,COIL,0.6,1250.0,0,?,0,?,3
203,?,C,A,0,0,?,S,2,0,?,?,E,?,?,Y,?,?,?,?,?,?,?,?,?,?,?,?,?,?,?,?,COIL,1.6,1320.0,0,?,0,?,3
204,?,C,A,0,0,?,S,2,0,?,?,E,?,?,?,?,?,?,?,?,?,?,?,?,?,?,?,?,?,?,?,SHEET,0.3,1320.0,762,Y,0,?,3
205,?,C,R,0,0,?,S,2,0,?,?,E,?,?,?,?,?,?,?,?,?,?,?,?,?,?,?,?,?,?,?,SHEET,0.6990000000000001,610.0,762,N,0,?,3
206,?,C,R,0,0,?,S,2,0,?,?,E,?,?,?,?,?,?,?,?,?,?,?,?,?,?,?,?,?,?,?,COIL,0.901,966.1,0,?,0,?,3
207,?,C,R,0,0,?,S,2,0,?,?,E,?,?,?,?,B,Y,?,?,?,?,?,?,?,?,?,?,?,?,?,SHEET,0.3,595.0,4880,?,0,?,3
208,?,C,A,0,0,?,S,2,0,?,?,F,?,?,Y,?,B,Y,?,?,?,?,?,?,?,?,?,?,?,?,?,SHEET,0.6,1220.0,4880,?,0,?,3
209,?,C,A,0,0,?,S,2,0,?,?,F,?,?,Y,?,?,Y,?,?,?,?,?,?,?,?,?,?,?,?,?,SHEET,0.6990000000000001,609.9,4880,?,0,?,3
210,?,C,S,70,0,?,?,?,0,?,?,?,?,?,?,?,M,?,?,?,?,?,?,?,?,?,?,?,?,?,?,SHEET,2.0,1000.0,4880,?,0,?,3
211,?,C,A,0,0,?,S,3,0,N,?,E,?,?,?,?,?,?,?,?,?,?,?,?,?,?,?,?,?,?,?,SHEET,1.0,610.0,4880,?,0,?,3
212,?,C,?,0,0,?,S,1,0,?,?,G,?,?,?,?,?,?,?,?,?,?,?,?,?,?,?,?,?,?,?,COIL,3.2,60.0,0,?,0,?,3
213,?,C,K,55,0,?,?,?,0,?,?,?,?,?,?,?,?,?,?,?,?,?,?,?,?,?,?,?,?,?,?,COIL,1.0,900.0,0,?,0,?,3
214,?,C,A,0,45,?,S,?,0,?,?,D,?,?,?,?,?,?,?,?,?,?,?,?,?,?,?,?,?,?,?,COIL,0.7,1320.0,0,?,0,?,3
215,?,C,R,0,0,?,S,2,0,?,?,E,?,?,Y,?,?,?,?,?,?,?,?,?,?,?,?,?,?,?,?,COIL,1.6,1320.0,0,?,0,3,3
216,?,C,A,0,45,?,S,?,0,?,?,D,?,?,?,?,?,?,?,?,?,?,?,?,?,?,?,?,?,?,?,SHEET,1.6,610.0,762,?,0,?,3
217,?,C,K,55,0,?,?,?,0,?,?,?,?,?,?,?,M,?,?,?,?,?,?,?,?,?,?,Y,?,?,?,COIL,2.3,900.0,0,?,500,?,3
218,?,C,R,0,0,?,S,2,0,?,?,?,?,?,?,Y,?,?,?,?,?,?,?,?,?,?,?,?,?,?,?,SHEET,0.8,1300.0,762,?,0,?,2
219,?,C,?,0,0,?,A,2,0,?,?,G,?,?,?,?,?,?,?,?,?,?,?,?,?,?,?,?,?,?,?,SHEET,0.301,1320.0,4880,Y,0,?,3
220,?,C,A,0,50,T,?,?,0,?,?,G,?,?,?,Y,?,?,?,?,?,?,?,?,?,?,?,?,?,?,?,COIL,0.601,610.0,0,?,0,?,3
221,?,C,R,0,0,?,S,2,0,?,?,E,?,?,?,?,?,?,?,?,?,?,?,?,?,?,?,?,?,?,?,SHEET,3.2,1320.0,762,?,0,?,3
222,?,C,M,0,0,?,?,?,600,?,?,G,?,?,?,Y,?,?,?,?,?,?,?,?,?,?,?,?,?,?,?,COIL,1.3,1090.0,0,?,0,?,2
223,?,C,A,0,0,?,S,2,0,?,?,F,?,?,?,?,?,?,?,?,?,?,?,?,?,?,?,?,?,?,?,SHEET,0.6990000000000001,520.0,4880,?,0,?,3
224,?,C,M,0,0,?,?,?,600,?,?,G,?,?,?,Y,?,?,?,?,?,?,?,?,?,?,?,?,?,?,?,SHEET,0.9,610.0,1220,?,0,?,2
225,?,C,R,0,0,?,S,2,0,?,?,E,?,?,?,Y,?,?,?,?,?,?,?,?,?,?,?,?,?,?,?,SHEET,3.2,1300.0,762,?,0,?,3
226,?,C,M,0,0,?,?,?,350,?,?,G,?,?,?,?,?,?,?,?,?,?,?,?,?,?,?,?,?,?,?,COIL,1.399,609.9,0,?,0,?,3
227,?,C,R,0,0,?,S,3,0,?,?,?,?,?,?,?,?,?,?,?,?,?,?,?,?,?,?,?,?,?,?,SHEET,1.599,610.0,761,?,0,?,2
228,?,C,A,0,0,?,S,2,0,?,?,E,?,?,?,?,?,?,?,?,?,?,?,?,?,?,?,?,?,?,?,COIL,0.6990000000000001,610.0,0,N,0,?,3
229,?,C,R,0,0,?,S,2,0,?,?,E,?,?,?,?,?,?,?,?,?,?,?,?,?,?,?,?,?,?,?,COIL,0.7,1220.0,0,?,0,?,3
230,?,C,R,0,0,?,S,2,0,?,?,E,?,?,?,Y,?,?,?,?,?,?,?,?,?,?,?,?,?,?,?,COIL,0.6990000000000001,1320.0,0,?,0,?,3
231,?,C,A,0,45,?,S,?,0,?,?,D,?,?,?,?,?,?,?,?,?,?,?,?,?,?,?,?,?,?,?,SHEET,0.599,610.0,761,?,0,?,3
232,?,C,A,0,0,?,S,2,0,?,?,F,?,?,Y,?,?,?,?,?,?,?,?,?,?,?,?,?,?,?,?,SHEET,0.6990000000000001,610.0,400,?,0,?,3
233,?,C,A,0,45,?,S,?,0,?,?,D,?,?,?,?,?,?,?,?,?,?,?,?,?,?,?,?,?,?,?,SHEET,1.6,1320.0,612,?,0,?,3
234,TN,C,?,0,0,?,A,1,0,?,?,?,?,?,?,?,?,?,?,C,?,?,?,?,?,?,?,?,?,?,?,SHEET,0.5,609.9,612,?,0,?,5
235,?,C,A,0,45,?,S,?,0,?,?,D,?,?,?,?,B,?,?,?,?,?,?,?,?,?,?,?,?,?,?,COIL,0.301,1320.0,0,?,0,?,3
236,?,C,K,65,0,?,?,?,0,?,?,?,?,?,?,?,M,?,?,?,?,?,?,?,?,?,?,?,?,?,?,COIL,3.2,640.0,0,?,500,?,3
237,?,C,A,0,0,?,S,3,0,N,?,F,?,?,?,?,B,Y,?,?,?,Y,?,?,?,?,?,?,?,?,?,SHEET,0.6,610.0,762,?,0,?,3
238,TN,C,A,0,0,?,?,3,0,N,?,?,?,?,?,?,?,?,?,?,?,?,?,?,Y,?,?,?,?,?,?,COIL,0.6,249.9,0,?,0,?,5
239,?,C,R,0,0,?,S,2,0,?,?,E,?,?,?,?,?,?,?,?,?,?,?,?,?,?,?,?,?,?,?,COIL,0.7,610.0,0,?,0,?,3
240,?,C,R,0,0,?,S,2,0,?,?,E,?,?,Y,?,?,Y,?,?,?,?,?,?,?,?,?,?,?,?,?,SHEET,3.2,1300.0,762,?,0,?,3
241,?,C,A,0,0,?,S,2,0,?,?,E,?,?,?,?,?,Y,?,?,?,?,?,?,?,?,?,?,?,?,?,SHEET,1.599,1320.0,762,?,0,?,3
242,?,C,A,0,0,?,S,2,0,?,?,E,?,?,Y,?,?,?,?,?,?,?,?,?,?,?,?,?,?,?,?,COIL,0.8,609.9,0,?,0,?,3
243,?,C,A,0,60,T,?,?,0,N,?,G,?,?,?,?,?,?,?,?,?,?,?,?,?,?,?,?,?,?,?,COIL,1.9,1135.0,0,?,600,?,3
244,?,C,V,0,0,?,S,2,0,?,?,?,1,?,?,?,?,?,?,?,?,?,?,?,?,?,?,?,?,?,?,COIL,0.6990000000000001,609.9,0,?,0,?,3
245,?,C,A,0,0,?,S,2,0,?,?,E,?,?,?,?,?,?,?,?,?,Y,?,?,?,?,?,?,?,?,?,COIL,0.6990000000000001,610.0,0,?,0,?,3
246,?,C,R,0,0,?,S,3,0,?,?,?,?,?,?,?,?,Y,?,?,?,?,?,?,?,?,?,?,?,?,?,SHEET,0.8,1320.0,762,?,0,?,2
247,?,C,R,0,0,?,S,2,0,?,?,E,?,?,?,?,?,?,?,?,?,?,?,?,?,?,?,?,?,?,?,COIL,0.901,966.0,0,?,0,?,3
248,?,C,A,0,0,?,S,2,0,?,?,G,?,?,?,?,B,Y,?,?,?,?,?,?,?,?,?,?,?,?,?,SHEET,0.7,610.0,762,?,0,?,3
249,ZS,C,A,0,0,?,S,5,0,N,?,E,?,?,?,?,?,?,?,?,?,?,?,?,?,?,?,?,?,?,?,COIL,0.8,75.0,0,?,0,?,3
250,?,C,R,0,0,?,S,2,0,?,?,E,?,?,?,?,?,?,?,?,?,Y,?,?,?,?,?,?,?,?,?,SHEET,0.7,1320.0,762,?,0,?,3
251,ZS,C,A,0,50,T,?,?,0,?,?,E,?,?,Y,?,?,?,?,?,?,?,?,?,?,?,?,?,?,?,?,SHEET,0.601,1250.0,762,?,0,?,3
252,?,C,A,0,60,T,?,?,0,?,?,G,?,?,?,?,?,?,?,?,?,?,?,?,?,?,?,?,?,?,?,COIL,0.799,609.0,0,?,0,?,3
253,?,C,R,6,0,T,?,?,0,?,?,?,?,?,Y,?,?,?,?,?,?,?,?,?,?,?,?,?,?,?,?,SHEET,1.0,610.0,4880,?,0,?,3
254,ZS,C,A,0,50,T,?,?,0,?,?,E,?,?,Y,?,?,?,?,?,?,Y,?,?,?,?,?,?,?,?,?,COIL,0.6,20.0,0,?,0,?,3
255,?,C,K,45,0,?,?,?,0,?,?,?,?,?,?,?,?,?,?,?,?,?,?,?,?,?,?,Y,?,?,?,COIL,0.6,900.0,0,?,0,?,3
256,?,C,R,6,0,T,?,?,0,?,?,?,?,?,?,?,?,?,?,?,?,?,?,?,?,?,?,?,?,?,?,SHEET,1.0,610.0,762,?,0,?,3
257,TN,C,?,0,0,?,A,1,0,?,?,?,?,?,?,?,?,?,?,?,?,?,?,?,Y,?,?,?,?,?,?,COIL,0.5,250.0,0,?,0,?,5
258,TN,C,A,0,0,?,?,3,0,N,?,?,?,?,?,?,?,?,?,C,?,?,?,?,?,?,?,?,?,?,?,COIL,0.6,50.0,0,?,0,?,5
259,?,C,W,0,0,?,?,?,310,?,?,G,?,?,Y,?,?,?,?,?,?,?,?,?,?,?,?,?,?,?,?,SHEET,2.5,1274.9,762,?,0,?,3
260,?,C,A,0,60,T,?,?,0,?,?,G,?,?,?,?,B,Y,?,?,?,Y,?,?,?,?,?,?,?,?,?,SHEET,0.8009999999999999,255.1,270,?,0,?,3
261,?,C,R,0,0,?,S,2,0,?,?,?,?,?,?,?,?,?,?,?,?,?,?,?,?,?,?,?,?,?,?,SHEET,1.6,1500.0,4170,?,0,?,2
262,?,C,R,0,0,?,S,2,0,?,?,?,?,?,?,?,B,?,?,?,?,?,?,?,?,?,?,?,?,?,?,SHEET,0.8,610.0,4880,?,0,?,2
263,?,C,A,0,0,?,S,3,0,N,?,E,?,?,?,?,?,?,?,?,?,?,?,?,?,?,?,?,?,?,?,COIL,0.6,20.0,0,?,0,?,3
264,?,C,A,0,0,?,S,2,0,?,?,G,?,?,?,?,?,?,?,?,?,?,?,?,?,?,?,Y,?,?,?,COIL,0.7,1320.0,0,?,0,?,3
265,TN,C,?,0,0,?,A,1,0,?,?,?,?,?,?,?,?,?,?,C,?,?,?,?,?,?,?,?,?,?,?,COIL,1.6,610.0,0,?,0,?,5
266,?,C,A,0,0,?,S,2,0,?,?,F,?,?,?,?,?,?,?,?,?,?,?,?,?,?,?,?,?,?,?,SHEET,0.7,1220.0,4880,?,0,?,3
267,?,C,A,0,85,T,?,?,0,?,?,G,?,?,?,?,?,?,?,?,?,?,?,?,?,?,?,?,?,?,?,SHEET,0.3,1220.0,762,?,0,?,U
268,?,C,A,0,0,?,S,2,0,?,?,G,?,?,?,?,?,?,?,?,?,?,?,?,?,?,?,Y,?,?,?,COIL,3.2,610.0,0,?,0,?,3
269,?,C,A,0,0,?,S,3,0,N,?,E,?,?,?,?,?,?,?,?,?,?,?,?,?,?,?,?,?,?,?,SHEET,0.601,610.0,762,?,0,?,3
270,?,C,R,0,0,?,S,2,0,?,?,E,?,?,?,?,?,?,?,?,?,Y,?,?,?,?,?,?,?,?,?,COIL,0.321,610.0,0,?,0,?,3
271,?,C,A,0,0,?,S,3,0,N,?,E,?,?,?,?,?,?,?,?,?,Y,?,?,?,?,?,?,?,?,?,COIL,0.601,1220.0,0,?,0,?,3
272,?,C,R,0,0,?,S,2,0,?,?,E,?,?,Y,?,?,?,?,?,?,?,?,?,?,?,?,?,?,?,?,COIL,0.6990000000000001,610.0,0,?,0,?,3
273,?,C,R,0,0,?,S,2,0,?,?,E,?,?,Y,?,?,?,?,?,?,?,?,?,?,?,?,?,?,?,?,SHEET,3.2,150.0,4880,?,0,?,3
274,?,C,A,0,0,?,S,2,0,?,?,F,?,?,?,?,?,?,?,?,?,?,?,?,?,?,?,?,?,?,?,SHEET,0.7,1220.0,762,?,0,?,3
275,TN,C,?,0,0,?,A,1,0,?,?,?,?,?,?,?,?,?,?,C,?,?,?,?,?,?,?,?,?,?,?,COIL,0.6,250.0,0,?,0,?,5
276,?,C,A,0,85,T,?,?,0,?,?,G,?,?,?,?,?,?,?,?,?,?,?,?,?,?,?,?,?,?,?,COIL,3.2,1220.0,0,Y,0,?,U
277,?,C,R,0,0,?,S,2,0,?,?,?,?,?,Y,?,?,?,?,?,?,?,?,?,?,?,?,?,?,?,?,SHEET,0.8,1320.0,762,?,0,?,2
278,?,C,S,0,0,?,?,?,400,?,?,?,?,?,?,?,?,?,?,?,?,?,?,?,?,?,?,?,?,?,?,COIL,0.8,609.9,0,?,0,?,1
279,?,C,A,0,0,?,S,3,0,N,?,F,?,?,?,?,B,Y,?,?,?,Y,?,?,?,?,?,?,?,?,?,SHEET,1.2,610.0,4170,?,0,?,3
280,?,C,A,0,0,?,S,2,0,?,?,F,?,?,Y,?,B,Y,?,?,?,?,?,?,?,?,?,?,?,?,?,SHEET,0.6990000000000001,1320.0,761,?,0,?,3
281,?,C,R,0,0,?,S,3,0,?,?,?,?,?,?,?,B,Y,?,?,?,?,?,?,?,?,?,?,?,?,?,SHEET,0.8,1320.0,4880,?,0,?,2
282,?,C,R,0,0,?,S,2,0,?,?,E,?,?,Y,?,?,?,?,?,?,?,?,?,?,?,?,?,?,?,?,SHEET,3.2,150.0,762,?,0,?,3
283,?,C,M,0,0,?,?,?,600,?,?,G,?,?,?,?,?,?,?,?,?,?,?,?,?,?,?,?,?,?,?,SHEET,1.2990000000000002,1050.0,1220,?,0,?,2
284,?,C,R,0,0,?,S,2,0,?,?,E,?,?,Y,?,?,Y,?,?,?,?,?,?,?,?,?,?,?,?,?,SHEET,3.2,1300.0,4880,?,0,?,3
285,?,C,R,0,0,?,S,3,0,?,?,E,?,?,?,?,?,?,?,?,?,?,?,?,?,?,?,?,?,?,?,SHEET,0.6,375.0,4880,?,0,?,3
286,?,C,A,0,0,?,S,2,0,?,?,G,?,?,Y,?,B,Y,?,?,?,?,?,?,?,?,?,?,?,?,?,SHEET,0.7,610.0,762,?,0,?,3
287,?,C,R,6,0,T,?,?,0,?,?,?,?,?,Y,?,?,?,?,?,?,?,?,?,?,?,?,?,?,?,?,COIL,1.2,1220.0,0,?,0,?,3
288,?,C,S,0,0,?,?,?,400,?,?,?,?,?,?,?,?,?,?,?,?,?,?,?,?,?,?,?,?,?,?,COIL,1.0,75.0,0,?,0,?,1
289,?,C,R,6,0,T,?,?,0,?,?,?,?,?,Y,?,?,?,?,?,?,?,?,?,?,?,?,?,?,?,?,SHEET,1.0,1320.0,762,?,0,?,3
290,?,C,A,0,70,T,?,?,0,?,?,G,?,?,?,?,?,?,?,?,?,?,?,?,?,?,?,?,?,?,?,COIL,2.5,610.0,0,?,600,?,3
291,?,C,R,0,0,?,S,2,0,?,?,?,?,?,?,?,?,?,?,?,?,?,?,?,?,?,?,?,?,?,?,SHEET,0.8,610.0,4880,?,0,?,2
292,?,C,R,0,0,?,S,3,0,?,?,E,?,?,?,?,?,?,?,?,?,?,?,?,?,?,?,?,?,?,?,SHEET,0.6,520.0,762,?,0,?,3
293,?,C,?,0,70,T,?,?,0,?,?,G,?,?,?,?,?,?,?,?,?,?,?,?,?,?,?,Y,?,?,?,COIL,0.8,50.0,0,?,0,?,3
294,?,C,A,0,0,?,S,2,0,?,?,E,?,?,?,?,?,?,?,?,?,?,?,?,?,?,?,?,?,?,?,SHEET,0.3,1320.0,4880,Y,0,?,3
295,?,C,A,0,0,?,S,2,0,?,?,G,?,?,?,Y,?,?,?,?,?,?,?,?,?,?,?,?,?,?,?,COIL,0.7,610.0,0,?,0,?,3
296,?,C,?,0,0,?,?,?,500,?,P,?,?,?,?,?,?,?,?,?,?,?,?,?,?,?,?,?,?,?,?,SHEET,2.0,610.0,762,?,0,?,2
297,TN,C,?,0,0,?,A,1,0,?,?,?,?,?,?,?,?,?,?,?,?,?,?,?,Y,?,?,?,?,?,?,SHEET,0.5,609.9,3000,?,0,?,5
298,?,C,?,0,0,?,S,1,0,?,?,G,?,?,?,?,?,?,?,?,?,?,?,?,?,?,?,?,?,?,?,COIL,0.7,610.0,0,?,0,?,3
299,?,C,R,0,0,?,S,2,0,?,?,E,?,?,?,?,?,?,?,?,?,?,?,?,?,?,?,Y,?,?,?,SHEET,1.0,610.0,4880,?,0,?,3
300,?,C,R,0,0,?,S,2,0,?,?,E,?,?,Y,?,?,?,?,?,?,?,?,?,?,?,?,?,?,?,?,COIL,1.601,1320.0,0,?,0,?,3
301,?,C,R,0,0,?,S,2,0,?,?,E,?,?,?,?,?,?,?,?,?,Y,?,?,?,?,?,?,?,?,?,SHEET,0.301,610.0,762,?,0,?,3
302,?,C,R,0,0,?,S,2,0,?,?,?,?,?,?,?,?,?,?,?,?,?,?,?,?,?,?,?,?,?,?,SHEET,1.2,609.9,612,?,0,?,2
303,?,C,R,0,0,?,S,2,0,?,?,?,?,?,?,?,?,Y,?,?,?,?,?,?,?,?,?,?,?,?,?,SHEET,0.8,1500.0,4170,?,0,?,2
304,?,C,A,0,45,?,S,?,0,?,?,D,?,?,?,?,B,?,?,?,?,?,?,?,?,?,?,?,?,?,?,SHEET,0.7,1300.0,762,?,0,?,3
305,?,C,R,0,0,?,S,2,0,?,?,E,?,?,?,?,?,?,?,?,?,?,?,?,?,?,?,Y,?,?,?,COIL,1.2009999999999998,50.0,0,?,0,?,3
306,?,C,A,0,0,?,S,3,0,N,?,F,?,?,?,?,?,?,?,?,?,?,?,?,?,?,?,?,?,?,?,SHEET,0.75,610.0,4880,?,0,?,3
307,?,C,R,0,0,?,S,2,0,?,?,E,?,?,?,?,?,?,?,?,?,?,?,?,?,?,?,?,?,?,?,SHEET,0.7,374.9,762,?,0,?,3
308,?,C,R,0,0,?,?,?,500,?,?,?,?,?,?,?,?,?,?,?,?,?,?,?,?,?,?,?,?,?,?,COIL,1.6,609.9,0,?,0,?,3
309,?,C,R,0,0,?,S,2,0,?,?,?,?,?,?,?,B,Y,?,?,?,?,?,?,?,?,?,?,?,?,?,SHEET,0.8,610.0,4880,?,0,?,2
310,?,C,K,65,0,?,?,?,0,?,?,?,?,?,?,?,?,?,?,?,?,?,?,?,?,?,?,?,?,?,?,COIL,1.09,900.0,0,?,0,?,3
311,?,C,R,0,0,?,S,2,0,?,?,E,?,?,?,?,B,?,?,?,?,?,?,?,?,?,?,?,?,?,?,COIL,0.6990000000000001,1320.0,0,?,0,?,3
312,?,C,R,0,0,?,S,2,0,?,?,E,?,?,Y,?,?,?,?,?,?,?,?,?,?,?,?,?,?,?,?,SHEET,0.7,150.0,762,?,0,?,3
313,?,C,K,55,0,?,?,?,0,?,?,?,?,?,?,Y,M,?,?,?,?,?,?,?,?,?,?,Y,?,?,?,COIL,2.2,900.0,0,?,0,?,3
314,?,C,V,0,0,?,S,2,0,?,?,?,1,?,?,?,?,?,?,?,?,?,?,?,?,?,?,?,?,?,?,SHEET,0.7,610.0,4880,?,0,?,3
315,?,C,A,4,0,T,?,?,0,?,?,G,?,?,?,?,?,?,?,?,?,?,?,?,?,?,?,?,?,?,?,COIL,1.0,25.0,0,?,0,?,3
316,?,C,R,0,0,?,S,2,0,?,?,E,?,?,?,?,B,?,?,?,?,?,?,?,?,?,?,?,?,?,?,COIL,0.6990000000000001,610.0,0,?,0,?,3
317,?,C,A,0,0,?,S,2,0,?,?,E,?,?,?,?,?,?,?,?,?,Y,?,?,?,?,?,?,?,?,?,COIL,0.7,610.0,0,?,0,3,3
318,?,C,R,0,0,?,S,2,0,?,?,?,?,?,?,?,?,Y,?,?,?,?,?,?,?,?,?,?,?,?,?,SHEET,1.599,1320.0,4880,?,0,?,2
319,?,C,V,0,0,?,S,2,0,?,?,?,1,?,?,?,?,?,?,?,?,?,?,?,?,?,?,?,?,?,?,SHEET,0.7,1320.0,762,?,0,?,3
320,?,C,R,0,0,?,S,2,0,?,?,E,?,?,?,?,?,?,?,?,?,?,?,?,?,?,?,?,?,?,?,SHEET,3.2,1320.0,4880,?,0,?,3
321,?,C,R,0,0,?,S,2,0,?,?,E,?,?,?,?,?,?,?,?,?,?,?,?,?,?,?,?,?,?,?,SHEET,0.6990000000000001,1320.0,762,N,0,?,3
322,?,C,A,0,50,T,?,?,0,?,?,G,?,?,?,?,?,?,?,?,?,?,?,?,?,?,?,?,?,?,?,COIL,0.601,610.0,0,?,0,?,3
323,TN,C,A,0,0,?,?,3,0,N,?,?,?,?,?,?,?,?,?,C,?,?,?,?,?,?,?,?,?,?,?,SHEET,0.6,610.0,761,?,0,?,5
324,?,C,R,0,0,?,S,2,0,?,?,E,?,?,Y,?,?,?,?,?,?,?,?,?,?,?,?,?,?,?,?,COIL,3.2,610.0,0,?,0,?,3
325,?,C,K,65,0,?,?,?,0,?,?,?,?,?,?,Y,M,?,?,?,?,?,?,?,?,?,?,?,?,?,?,COIL,2.3,900.0,0,?,600,?,3
326,?,C,A,0,0,?,S,2,0,?,?,F,?,?,Y,?,?,?,?,?,?,?,?,?,?,?,?,?,?,?,?,SHEET,0.6,300.1,4880,?,0,?,3
327,?,C,A,0,0,?,S,2,0,?,?,F,?,?,Y,?,B,Y,?,?,?,?,?,?,?,?,?,?,?,?,?,SHEET,0.6990000000000001,300.1,4880,?,0,?,3
328,?,C,R,0,0,?,S,2,0,?,?,E,?,?,?,?,M,?,?,?,?,?,?,?,?,?,?,?,?,?,?,COIL,4.0,610.0,0,?,600,?,3
329,?,C,R,0,0,?,S,2,0,?,?,E,?,?,Y,?,B,Y,?,?,?,?,?,?,?,?,?,?,?,?,?,SHEET,1.599,610.0,762,?,0,?,3
330,ZS,C,A,0,85,T,?,?,0,?,?,E,?,?,?,Y,?,?,?,?,?,?,?,?,?,?,?,?,?,?,?,SHEET,0.4,1220.0,762,?,0,?,U
331,?,C,M,0,0,?,?,?,350,?,?,G,?,?,?,?,?,?,?,?,?,?,?,?,?,?,?,?,?,?,?,COIL,1.601,609.9,0,?,0,?,3
332,?,C,A,0,45,?,S,?,0,?,?,D,?,?,?,?,B,Y,?,?,?,?,?,?,?,?,?,?,?,?,?,SHEET,0.4,1220.0,300,?,0,?,3
333,ZS,C,R,0,0,?,S,3,0,?,?,E,?,?,?,?,?,?,?,?,?,?,?,?,?,?,?,?,?,?,?,COIL,1.6,1220.0,0,?,0,3,3
334,?,C,R,0,0,?,S,2,0,?,?,E,?,?,?,?,B,Y,?,?,?,?,?,?,?,?,?,?,?,?,?,SHEET,0.7,1300.0,762,?,0,?,3
335,?,C,A,0,85,T,?,?,0,?,?,G,?,?,?,?,?,?,?,?,?,?,?,?,?,?,?,?,?,?,?,SHEET,0.3,1220.0,4880,?,0,?,U
336,TN,C,A,0,0,?,?,3,0,N,?,?,?,?,?,?,?,?,?,C,?,?,?,?,?,?,?,?,?,?,?,SHEET,1.6,1220.0,761,?,0,?,5
337,?,C,A,0,0,?,S,2,0,?,?,G,?,?,Y,?,B,?,?,?,?,?,?,?,?,?,?,?,?,?,?,COIL,0.4,610.0,0,?,0,?,3
338,?,C,A,0,45,?,S,?,0,?,?,D,?,?,?,?,B,?,?,?,?,?,?,?,?,?,?,?,?,?,?,SHEET,0.3,610.0,762,?,0,?,3
339,?,C,R,6,0,T,?,?,0,?,?,?,?,?,?,?,?,?,?,?,?,?,?,?,?,?,?,?,?,?,?,COIL,1.0,610.0,0,?,0,?,3
340,?,C,A,0,0,?,S,2,0,?,?,G,?,?,?,?,B,?,?,?,?,?,?,?,?,?,?,?,?,?,?,SHEET,0.7,610.0,4880,?,0,?,3
341,?,C,S,0,0,?,?,?,400,?,?,?,?,?,?,?,?,?,?,?,?,?,?,?,?,?,?,?,?,?,?,COIL,0.8,75.0,0,?,0,?,1
342,?,C,A,0,0,?,S,3,0,N,?,E,?,?,?,Y,?,?,?,?,?,?,?,?,?,?,?,?,?,?,?,COIL,2.5,1320.0,0,?,0,?,3
343,ZS,C,A,0,50,T,?,?,0,?,?,E,?,?,Y,?,?,?,?,?,?,?,?,?,?,?,?,?,?,?,?,SHEET,1.6,1250.0,4880,?,0,?,3
344,?,C,A,0,0,?,S,2,0,?,?,E,?,?,?,?,?,?,?,?,?,?,?,?,?,?,?,?,?,?,?,COIL,0.7,610.0,0,?,0,?,3
345,?,C,?,0,50,T,?,?,0,?,?,G,?,?,?,Y,?,?,?,?,?,?,?,?,?,?,?,?,?,?,?,COIL,0.601,1320.0,0,?,0,?,3
346,?,C,A,0,0,?,S,2,0,?,?,E,?,?,?,?,?,?,?,?,?,?,?,?,?,?,?,?,?,?,?,SHEET,0.7,1320.1,762,?,0,?,3
347,?,C,R,0,0,?,S,2,0,?,?,E,?,?,?,?,M,?,?,?,?,?,?,?,?,?,?,?,?,?,?,COIL,3.201,385.1,0,?,0,?,3
348,?,C,R,0,0,?,S,2,0,?,?,E,?,?,Y,?,?,?,?,?,?,?,?,?,?,?,?,?,?,?,?,SHEET,1.6,500.0,4880,?,0,?,3
349,?,C,?,0,0,?,A,2,0,?,?,G,?,?,?,?,?,?,?,?,?,?,?,?,?,?,?,?,?,?,?,SHEET,0.7,1320.0,4880,?,0,?,3
350,?,C,A,0,0,?,S,2,0,?,?,G,?,?,?,?,?,?,?,?,?,?,?,?,?,?,?,?,?,?,?,COIL,4.0,500.0,0,?,0,?,3
351,?,C,A,0,0,?,S,2,0,?,?,G,?,?,?,?,?,?,?,?,?,Y,?,?,?,?,?,?,?,?,?,COIL,0.4,609.9,0,?,0,?,3
352,?,C,R,0,0,?,S,3,0,?,?,?,?,?,?,?,?,?,?,?,?,?,?,?,?,?,?,?,?,?,?,SHEET,1.6,610.0,4170,?,0,?,2
353,TN,C,?,0,0,?,A,1,0,?,?,?,?,?,?,?,?,?,?,?,?,?,?,?,Y,?,?,?,?,?,?,SHEET,1.6,610.0,762,?,0,?,5
354,?,C,A,0,45,?,S,?,0,?,?,D,?,?,?,?,B,Y,?,?,?,?,?,?,?,?,?,?,?,?,?,SHEET,1.6,1300.0,4880,?,0,?,3
355,?,C,R,0,0,?,S,2,0,?,?,E,?,?,?,?,?,?,?,?,?,?,?,?,?,?,?,Y,?,?,?,COIL,3.2,50.0,0,?,0,?,3
356,?,C,A,0,80,T,?,?,0,?,?,G,?,?,?,?,?,?,?,?,?,Y,?,?,?,?,?,?,?,?,?,COIL,0.5,29.0,0,?,0,?,3
357,?,C,?,0,0,?,S,1,0,?,?,G,?,?,?,?,B,Y,?,?,?,?,?,?,?,?,?,?,?,?,?,SHEET,0.3,595.0,762,?,0,?,3
358,ZS,C,A,0,85,T,?,?,0,?,?,E,?,?,?,Y,?,?,?,?,?,Y,?,?,?,?,?,?,?,?,?,SHEET,1.2,1200.0,611,?,0,?,U
359,?,C,A,0,60,T,?,?,0,?,?,G,?,?,?,?,M,?,?,?,?,?,?,?,?,?,?,?,?,?,?,COIL,2.801,355.0,0,?,0,?,3
360,?,C,A,0,85,T,?,?,0,?,?,G,?,?,?,?,M,?,?,?,?,?,?,?,?,?,?,?,?,?,?,COIL,4.0,610.0,0,?,500,?,U
361,?,C,A,0,0,?,S,2,0,?,?,F,?,?,Y,?,?,?,?,?,?,?,?,?,?,?,?,?,?,?,?,SHEET,0.6990000000000001,609.9,0,?,0,?,3
362,?,C,K,65,0,?,?,?,0,?,?,?,?,?,?,?,M,?,?,?,?,?,?,?,?,?,?,?,?,?,?,COIL,1.5,900.0,0,?,0,?,3
363,?,C,R,0,0,?,S,2,0,?,?,E,?,?,?,Y,M,?,?,?,?,?,?,?,?,?,?,?,?,?,?,COIL,4.0,1000.0,0,?,600,?,3
364,ZS,C,R,0,0,?,?,?,300,?,?,?,?,?,?,?,?,?,?,?,?,?,?,Y,?,?,?,?,?,?,?,COIL,0.8,915.0,0,?,0,?,1
365,?,C,A,0,0,?,S,2,0,?,?,E,?,?,?,Y,?,?,?,?,?,?,?,?,?,?,?,?,?,?,?,COIL,0.7,610.0,0,?,0,?,3
366,?,C,A,0,85,T,?,?,0,?,?,G,?,?,?,?,M,?,?,?,?,?,?,?,?,?,?,Y,?,?,?,COIL,3.201,610.0,0,?,600,?,U
367,?,C,A,0,0,?,S,3,0,N,?,F,?,?,?,?,?,?,?,?,?,?,?,?,?,?,?,?,?,?,?,SHEET,1.0,1320.0,762,?,0,?,3
368,?,C,R,0,0,?,S,2,0,?,?,E,?,?,?,?,B,?,?,?,?,?,?,?,?,?,?,?,?,?,?,COIL,0.4,1320.0,0,?,0,?,3
369,TN,C,A,0,0,?,?,3,0,N,?,?,?,?,?,?,?,?,?,?,?,?,?,?,Y,?,?,?,?,?,?,SHEET,1.6,610.0,762,?,0,?,5
370,?,C,A,0,0,?,S,3,0,N,?,E,?,?,?,?,?,?,?,?,?,?,?,?,?,?,?,Y,?,?,?,COIL,0.7,610.0,0,?,0,?,3
371,ZS,C,A,0,85,T,?,?,0,?,?,E,?,?,?,Y,?,?,?,?,?,?,?,?,?,?,?,?,?,?,?,SHEET,0.4,1220.0,0,?,0,?,U
372,?,C,K,65,0,?,?,?,0,?,?,?,?,?,?,Y,M,?,?,?,?,?,?,?,?,?,?,?,?,?,?,COIL,3.2,900.0,0,?,500,?,3
373,TN,C,?,0,0,?,A,1,0,?,?,?,?,?,?,?,?,?,?,?,?,?,?,?,Y,?,?,?,?,?,?,SHEET,0.5,609.9,612,?,0,?,5
374,?,C,R,0,0,?,S,2,0,?,?,?,?,?,?,?,?,Y,?,?,?,?,?,?,?,?,?,?,?,?,?,SHEET,1.599,1500.0,612,?,0,?,2
375,?,C,R,0,0,?,S,2,0,?,?,?,?,?,?,?,?,Y,?,?,?,?,?,?,?,?,?,?,?,?,?,SHEET,0.8,1320.0,4880,?,0,?,2
376,?,C,A,0,0,?,S,3,0,N,?,G,?,?,?,?,?,?,?,?,?,?,?,?,?,?,?,?,?,?,?,COIL,2.5,1320.0,0,?,0,?,3
377,?,C,A,0,0,?,S,3,0,N,?,E,?,?,?,?,?,?,?,?,?,Y,?,?,?,?,?,?,?,?,?,COIL,0.8,900.1,0,?,0,?,3
378,?,C,R,0,0,?,S,2,0,?,?,E,?,?,?,?,M,?,?,?,?,?,?,?,?,?,?,?,?,?,?,COIL,4.0,385.1,0,?,0,?,3
379,?,C,?,0,0,?,S,1,0,?,?,G,?,?,?,?,B,Y,?,?,?,?,?,?,?,?,?,?,?,?,?,SHEET,0.6990000000000001,1300.0,762,?,0,?,3
380,?,C,A,0,0,?,S,2,0,?,?,F,?,?,Y,?,B,Y,?,?,?,?,?,?,?,?,?,?,?,?,?,SHEET,0.6,610.0,4880,?,0,?,3
381,?,C,A,0,0,?,S,3,0,N,?,E,?,?,?,?,B,Y,?,?,?,Y,?,?,?,?,?,?,?,?,?,SHEET,0.7,375.0,612,?,0,?,3
382,?,C,?,0,0,?,S,1,0,?,?,G,?,?,?,?,?,?,?,?,?,Y,?,?,?,?,?,?,?,?,?,SHEET,0.4,610.0,762,?,0,?,3
383,?,C,A,0,0,?,S,2,0,?,?,E,?,?,?,?,?,?,?,?,?,?,?,?,?,?,?,?,?,?,?,COIL,0.3,1320.0,0,?,0,?,3
384,?,C,R,0,0,?,S,2,0,?,?,E,?,?,?,?,?,?,?,?,?,?,?,?,?,?,?,?,?,?,?,COIL,3.2,610.0,0,?,0,3,3
385,?,C,A,0,85,T,?,?,0,?,?,G,?,?,?,?,?,?,?,?,?,?,?,?,?,?,?,?,?,?,?,COIL,1.2009999999999998,1220.0,0,Y,0,?,U
386,?,C,A,0,45,?,S,?,0,?,?,D,?,?,?,?,?,?,?,?,?,?,?,?,?,?,?,?,?,?,?,SHEET,0.7,1320.0,762,?,0,?,3
387,?,C,R,0,0,?,S,2,0,?,?,?,?,?,Y,?,?,?,?,?,?,?,?,?,?,?,?,?,?,?,?,COIL,0.8,610.0,0,?,0,?,2
388,?,C,A,0,45,?,S,?,0,?,?,D,?,?,?,?,?,?,?,?,?,?,?,?,?,?,?,?,?,?,?,COIL,0.6990000000000001,610.0,0,N,0,?,3
389,?,C,M,0,0,?,?,?,350,?,?,G,?,?,?,?,?,?,?,?,?,?,?,?,?,?,?,?,?,?,?,COIL,1.6,609.9,0,?,0,?,3
390,?,C,K,65,0,?,?,?,0,?,?,?,?,?,?,?,?,?,?,?,?,?,?,?,?,?,?,?,?,?,?,COIL,1.09,610.0,0,?,0,?,3
391,?,C,A,0,45,?,S,?,0,?,?,D,?,?,?,?,B,?,?,?,?,?,?,?,?,?,?,?,?,?,?,SHEET,0.3,610.0,4880,?,0,?,3
392,?,C,A,0,0,?,S,3,0,N,?,E,?,?,?,?,B,Y,?,?,?,Y,?,?,?,?,?,?,?,?,?,SHEET,1.2,609.9,612,?,0,?,3
393,?,C,K,65,0,?,?,?,0,?,?,?,?,?,?,?,?,?,?,?,?,?,?,?,?,?,?,Y,?,?,?,COIL,0.6,900.0,0,?,0,?,3
394,?,C,R,0,0,?,S,2,0,?,?,?,?,?,?,?,?,?,?,?,?,?,?,?,?,?,?,?,?,?,?,SHEET,2.0,1500.0,612,?,0,?,2
395,?,C,V,0,0,?,S,2,0,?,?,?,2,?,?,?,?,?,?,?,?,?,?,?,?,?,?,?,?,?,?,COIL,0.8,20.0,0,?,0,?,2
396,?,C,K,45,0,?,?,?,0,?,?,?,?,?,?,?,?,?,?,?,?,?,?,?,?,?,?,?,?,?,?,COIL,0.6,900.0,0,?,0,?,3
397,?,C,A,0,0,?,S,2,0,?,?,F,?,?,Y,?,B,Y,?,?,?,?,?,?,?,?,?,?,?,?,?,SHEET,0.999,1220.0,4880,?,0,?,3
398,?,C,R,0,0,?,S,2,0,?,?,E,?,?,?,?,?,Y,?,?,?,?,?,?,?,?,?,?,?,?,?,SHEET,1.599,1320.0,4880,?,0,?,3
399,?,C,R,0,0,?,S,2,0,?,?,?,?,?,?,?,?,Y,?,?,?,?,?,?,?,?,?,?,?,?,?,SHEET,2.0,610.0,612,?,0,?,2
400,?,C,R,6,0,T,?,?,0,?,?,?,?,?,?,?,?,?,?,?,?,?,?,?,?,?,?,?,?,?,?,SHEET,0.6,610.0,762,?,0,?,3
401,?,C,A,0,0,?,S,2,0,?,?,F,?,?,Y,?,?,Y,?,?,?,?,?,?,?,?,?,?,?,?,?,SHEET,0.6,609.9,762,?,0,?,3
402,?,C,M,0,0,?,?,?,350,?,?,G,?,?,?,Y,?,?,?,?,?,?,?,?,?,?,?,?,?,?,?,COIL,0.9,610.0,0,?,0,?,3
403,?,C,R,0,0,?,S,2,0,?,?,?,?,?,?,Y,?,?,?,?,?,?,?,?,?,?,?,?,?,?,?,SHEET,1.599,610.0,4880,?,0,?,2
404,ZS,C,A,0,50,T,?,?,0,?,?,E,?,?,?,?,?,?,?,?,?,?,?,?,?,?,?,?,?,?,?,COIL,0.4,1320.0,0,?,0,?,3
405,?,C,R,0,0,?,S,2,0,?,?,?,?,?,?,?,?,?,?,?,?,?,?,?,?,?,?,?,?,?,?,SHEET,1.2,335.0,612,?,0,?,2
406,?,C,S,0,0,?,?,?,700,?,?,?,?,?,?,?,?,?,?,?,?,?,?,?,?,?,?,?,?,?,?,COIL,1.0,609.9,0,?,0,?,1
407,?,C,M,0,0,?,?,?,600,?,?,G,?,?,?,?,?,?,?,?,?,?,?,?,?,?,?,?,?,?,?,SHEET,0.9,1050.0,1220,?,0,?,2
408,?,C,A,0,0,?,S,3,0,N,?,E,?,?,?,?,?,?,?,?,?,?,?,?,?,?,?,?,?,?,?,COIL,1.2009999999999998,75.0,0,?,0,?,3
409,?,C,M,0,0,?,?,?,600,?,?,G,?,?,?,?,?,?,?,?,?,?,?,?,?,?,?,?,?,?,?,COIL,1.3,1090.0,0,?,0,?,2
410,?,C,A,0,0,?,S,2,0,?,?,E,?,?,?,?,?,?,?,?,?,Y,?,?,?,?,?,?,?,?,?,COIL,0.7,20.0,0,?,0,?,3
411,?,C,?,0,0,?,?,?,500,?,P,?,?,?,?,?,?,?,?,?,?,?,?,?,?,?,B,?,?,?,?,SHEET,2.0,609.9,301,?,0,?,2
412,?,C,A,0,85,T,?,?,0,?,?,G,?,?,?,?,?,?,?,?,?,?,?,?,?,?,?,?,?,?,?,COIL,1.2009999999999998,610.0,0,Y,0,?,U
413,TN,C,?,0,0,?,A,1,0,?,?,?,?,?,?,?,?,?,?,?,?,?,?,?,Y,?,?,?,?,?,?,COIL,0.799,249.9,0,?,0,?,5
414,?,C,A,0,0,?,S,2,0,?,?,E,?,?,?,?,?,Y,?,?,?,?,?,?,?,?,?,?,?,?,?,SHEET,0.3,610.0,762,Y,0,?,3
415,?,C,A,0,45,?,S,?,0,?,?,D,?,?,?,?,?,?,?,?,?,?,?,?,?,?,?,?,?,?,?,SHEET,0.599,1320.0,761,?,0,?,3
416,?,C,W,0,0,?,?,?,310,?,?,G,?,?,Y,?,?,?,?,?,?,?,?,?,?,?,?,?,?,?,?,SHEET,1.6,610.0,762,?,0,?,3
417,?,C,A,0,0,?,S,2,0,?,?,E,?,?,?,Y,?,?,?,?,?,?,?,?,?,?,?,?,?,?,?,COIL,0.6990000000000001,1320.0,0,?,0,?,3
418,?,C,K,55,0,?,?,?,0,?,?,?,?,?,?,?,?,?,?,?,?,?,?,?,?,?,?,?,?,?,?,COIL,1.09,610.0,0,?,0,?,3
419,?,C,K,65,0,?,?,?,0,?,?,?,?,?,?,?,?,?,?,?,?,?,?,?,?,?,?,?,?,?,?,COIL,0.8,900.0,0,?,0,?,3
420,?,C,A,0,0,?,?,?,500,?,?,G,?,?,?,?,?,?,?,?,?,?,?,?,?,?,?,?,?,?,?,COIL,1.6,1320.0,0,?,0,?,3
421,?,C,V,0,0,?,S,2,0,?,?,?,2,?,?,?,?,?,?,?,?,?,?,?,?,?,?,?,?,?,?,SHEET,1.599,1320.0,762,?,0,?,2
422,?,C,A,0,0,?,S,2,0,?,?,E,?,?,Y,?,?,?,?,?,?,?,?,?,?,?,?,?,?,?,?,SHEET,3.2,1320.0,4880,?,0,?,3
423,?,C,?,0,0,?,A,2,0,?,?,G,?,?,?,?,?,?,?,?,?,Y,?,?,?,?,?,?,?,?,?,COIL,0.301,20.0,0,?,0,?,3
424,ZS,C,A,0,0,?,S,3,0,N,?,E,?,?,?,?,?,?,?,?,?,?,?,?,?,?,?,?,?,?,?,SHEET,0.7,335.0,612,?,0,?,3
425,?,C,A,0,0,?,S,2,0,?,?,E,?,?,?,?,?,?,?,?,?,?,?,?,?,?,?,?,?,?,?,SHEET,0.6990000000000001,1320.0,762,Y,0,?,3
426,?,C,A,0,45,?,S,?,0,?,?,D,?,?,?,?,B,Y,?,?,?,?,?,?,?,?,?,?,?,?,?,SHEET,0.6990000000000001,1220.0,761,?,0,?,3
427,?,C,K,55,0,?,?,?,0,?,?,?,?,?,?,?,?,?,?,?,?,?,?,?,?,?,?,?,?,?,?,COIL,1.09,900.0,0,?,0,?,3
428,?,C,A,0,60,T,?,?,0,?,?,G,?,?,?,?,B,Y,?,?,?,Y,?,?,?,?,?,?,?,?,?,SHEET,0.8009999999999999,255.1,269,?,0,?,3
429,ZS,C,A,0,85,T,?,?,0,?,?,E,?,?,?,Y,?,?,?,?,?,Y,?,?,?,?,?,?,?,?,?,SHEET,1.2,600.0,150,?,0,?,U
430,?,C,A,0,0,?,S,2,0,?,?,G,?,?,?,?,?,?,?,?,?,?,?,?,?,?,?,?,?,?,?,SHEET,0.6990000000000001,610.0,762,N,0,?,3
431,?,C,R,0,0,?,S,3,0,?,?,?,?,?,?,?,?,?,?,?,?,?,?,?,?,?,?,?,?,?,?,SHEET,1.6,831.9,881,?,0,?,2
432,ZS,C,R,0,0,?,A,2,0,?,?,G,?,?,?,?,?,?,?,?,?,?,?,?,?,?,?,?,?,?,?,COIL,0.6990000000000001,20.0,0,?,0,?,3
433,?,C,A,0,0,?,S,2,0,?,?,E,?,?,?,?,?,?,?,?,?,Y,?,?,?,?,?,?,?,?,?,COIL,0.321,610.0,0,?,0,?,3
434,?,C,W,0,0,?,?,?,310,?,?,G,?,?,?,?,?,?,?,?,?,?,?,?,?,?,?,?,?,?,?,SHEET,0.8,1275.0,4880,?,0,?,3
435,?,C,A,0,0,?,S,2,0,?,?,F,?,?,Y,?,?,Y,?,?,?,?,?,?,?,?,?,?,?,?,?,SHEET,0.6990000000000001,1220.0,4880,?,0,?,3
436,?,C,R,0,0,?,S,2,0,?,?,E,?,?,?,?,B,Y,?,?,?,?,?,?,?,?,?,?,?,?,?,SHEET,0.6990000000000001,595.0,762,?,0,?,3
437,?,C,K,55,0,?,?,?,0,?,?,?,?,?,?,?,M,?,?,?,?,?,?,?,?,?,?,?,?,?,?,COIL,2.2,900.0,0,?,0,?,3
438,ZS,C,A,0,0,?,S,5,0,N,?,E,?,?,?,?,?,?,?,?,?,?,?,?,?,?,?,?,?,?,?,COIL,1.2009999999999998,50.0,0,?,0,?,3
439,?,C,R,0,0,?,S,2,0,?,?,?,?,?,?,?,?,?,?,?,?,?,?,?,?,?,?,?,?,?,?,SHEET,1.2,335.0,3000,?,0,?,2
440,?,C,M,0,0,?,?,?,350,?,?,G,?,?,?,Y,M,?,?,?,?,?,?,?,?,?,?,?,?,?,?,COIL,1.4,1310.0,0,?,0,?,3
441,?,C,R,0,0,?,S,2,0,?,?,?,?,?,?,Y,?,?,?,?,?,?,?,?,?,?,?,?,?,?,?,SHEET,0.8,610.0,762,?,0,?,2
442,?,C,R,0,0,?,S,2,0,?,?,E,?,?,?,Y,M,?,?,?,?,?,?,?,?,?,?,?,?,?,?,COIL,4.0,610.0,0,?,600,?,3
443,TN,C,A,0,0,?,?,3,0,N,?,?,?,?,?,?,?,?,?,?,P,?,?,?,?,?,?,?,?,?,?,SHEET,0.5,610.0,762,?,0,?,5
444,?,C,A,0,60,T,?,?,0,?,?,G,?,?,?,?,?,?,?,?,?,?,?,?,?,?,?,Y,?,?,?,COIL,2.8,610.0,0,?,600,?,3
445,?,C,A,0,0,?,S,2,0,?,?,G,?,?,?,?,B,?,?,?,?,?,?,?,?,?,?,?,?,?,?,COIL,0.799,1300.0,0,?,0,?,3
446,?,C,R,0,0,?,S,2,0,?,?,?,?,?,?,?,?,?,?,?,?,?,?,?,?,?,?,?,?,?,?,SHEET,1.6,1500.0,612,?,0,?,2
447,?,C,R,0,0,?,S,2,0,?,?,E,?,?,?,?,?,?,?,?,?,Y,?,?,?,?,?,?,?,?,?,SHEET,1.2,609.9,4170,?,0,?,3
448,?,C,A,0,0,?,S,2,0,?,?,E,?,?,?,?,?,?,?,?,?,?,?,?,?,?,?,Y,?,?,?,COIL,3.201,152.0,0,?,0,?,3
449,?,C,A,0,0,?,S,3,0,N,?,E,?,?,?,?,?,?,?,?,?,?,?,?,?,?,?,?,?,?,?,SHEET,0.601,1320.0,4880,?,0,?,3
450,?,C,A,0,0,?,S,2,0,?,?,G,?,?,?,?,?,?,?,?,?,?,?,?,?,?,?,?,?,?,?,SHEET,0.4,1320.0,4880,N,0,?,3
451,?,C,R,0,0,?,S,2,0,?,?,E,?,?,?,?,?,Y,?,?,?,?,?,?,?,?,?,?,?,?,?,SHEET,0.7,610.0,762,?,0,?,3
452,?,C,A,0,0,?,S,3,0,N,?,E,?,?,?,?,?,?,?,?,?,?,?,?,?,?,?,?,?,?,?,SHEET,1.0,1320.0,762,?,0,?,3
453,?,C,A,0,80,T,?,?,0,?,?,G,?,?,?,?,?,?,?,?,?,?,?,?,?,?,?,?,?,?,?,SHEET,1.6,1320.0,612,Y,0,?,U
454,?,C,A,0,0,?,?,?,500,?,?,G,?,?,?,?,?,?,?,?,?,?,?,?,?,?,?,?,?,?,?,COIL,1.6,1525.0,0,?,0,?,3
455,?,C,R,0,0,?,S,3,0,?,?,?,?,?,?,?,?,?,?,?,?,?,?,?,?,?,?,?,?,?,?,SHEET,2.0,610.0,4170,?,0,?,2
456,?,C,?,0,0,?,S,1,0,?,?,G,?,?,?,?,?,?,?,?,?,?,?,?,?,?,?,?,?,?,?,COIL,0.799,20.0,0,?,0,?,3
457,?,C,R,0,0,?,S,2,0,?,?,?,?,?,?,?,B,Y,?,?,?,?,?,?,?,?,?,?,?,?,?,SHEET,0.8,1300.0,762,?,0,?,2
458,TN,C,A,0,0,?,?,3,0,N,?,?,?,?,?,?,?,?,?,?,?,?,?,?,Y,?,?,?,?,?,?,SHEET,0.6,610.0,300,?,0,?,5
459,TN,C,?,0,0,?,A,1,0,?,?,?,?,?,?,?,?,?,?,?,?,?,?,?,Y,?,?,?,?,?,?,COIL,1.6,610.0,0,?,0,?,5
460,?,C,A,0,0,?,S,2,0,?,?,E,?,?,Y,?,?,Y,?,?,?,?,?,?,?,?,?,?,?,?,?,SHEET,0.6990000000000001,1320.0,762,Y,0,?,3
461,?,C,A,0,70,T,?,?,0,?,?,G,?,?,?,Y,?,?,?,?,?,?,?,?,?,?,?,?,?,?,?,COIL,2.5,610.0,0,?,600,?,3
462,ZS,C,A,0,50,T,?,?,0,?,?,E,?,?,Y,?,?,?,?,?,?,Y,?,?,?,?,?,?,?,?,?,COIL,0.451,20.0,0,?,0,?,3
463,?,C,R,0,0,?,S,2,0,?,?,?,?,?,Y,?,?,?,?,?,?,?,?,?,?,?,?,?,?,?,?,SHEET,0.8,1500.0,4170,?,0,?,2
464,?,C,R,0,0,?,S,2,0,?,?,E,?,?,?,?,B,Y,?,?,?,?,?,?,?,?,?,?,?,?,?,SHEET,0.6990000000000001,1320.0,761,?,0,?,3
465,?,C,A,0,0,?,S,2,0,?,?,E,?,?,?,?,?,?,?,?,?,?,?,?,?,?,?,?,?,?,?,SHEET,3.201,1320.0,4880,?,0,?,3
466,?,C,A,0,0,?,S,2,0,?,?,F,?,?,Y,?,?,?,?,?,?,?,?,?,?,?,?,?,?,?,?,SHEET,0.6,300.1,762,?,0,?,3
467,?,C,A,4,0,T,?,?,0,?,?,G,?,?,?,?,B,?,?,?,?,?,?,?,?,?,?,?,?,?,?,COIL,0.5,25.0,0,?,0,?,3
468,?,C,R,0,0,?,S,2,0,?,?,E,?,?,?,?,M,?,?,?,?,?,?,?,?,?,?,?,?,?,?,COIL,3.5,1000.0,0,?,600,?,3
469,?,C,A,0,0,?,S,2,0,?,?,F,?,?,Y,?,B,Y,?,?,?,?,?,?,?,?,?,?,?,?,?,SHEET,0.6,609.9,4880,?,0,?,3
470,?,C,A,0,70,T,?,?,0,?,?,G,?,?,?,?,?,?,?,?,?,?,?,?,?,?,?,?,?,?,?,COIL,0.8,50.0,0,?,0,?,3
471,?,C,R,0,0,?,S,2,0,?,?,E,?,?,Y,?,?,?,?,?,?,?,?,?,?,?,?,?,?,?,?,COIL,1.6,1320.0,0,?,0,?,3
472,?,C,?,0,0,?,S,1,0,?,?,G,?,?,?,?,?,?,?,?,?,Y,?,?,?,?,?,?,?,?,?,COIL,0.3,609.9,0,?,0,?,3
473,?,C,R,0,0,?,S,3,0,?,?,E,?,?,?,?,?,?,?,?,?,?,?,?,?,?,?,?,?,?,?,SHEET,1.6,609.9,612,?,0,?,3
474,?,C,A,0,0,?,S,3,0,N,?,F,?,?,?,?,B,Y,?,?,?,Y,?,?,?,?,?,?,?,?,?,SHEET,0.6,610.0,4170,?,0,?,3
475,?,C,A,0,50,T,?,?,0,?,?,G,?,?,?,?,?,?,?,?,?,?,?,?,?,?,?,Y,?,?,?,COIL,3.2,610.0,0,?,0,?,3
476,?,C,A,0,70,T,?,?,0,?,?,G,?,?,?,?,?,?,?,?,?,?,?,?,?,?,?,?,?,?,?,COIL,0.6,610.0,0,?,0,?,3
477,?,C,A,0,45,?,S,?,0,?,?,D,?,?,?,?,?,?,?,?,?,?,?,?,?,?,?,?,?,?,?,COIL,0.7,1320.0,0,?,0,?,3
478,?,C,A,0,60,T,?,?,0,?,?,G,?,?,?,?,M,?,?,?,?,?,?,?,?,?,?,?,?,?,?,COIL,4.0,385.1,0,?,0,?,3
479,?,C,A,0,70,T,?,?,0,?,?,G,?,?,?,?,?,?,?,?,?,?,?,?,?,?,?,Y,?,?,?,COIL,0.6,1320.0,0,?,600,?,3
480,?,C,K,45,0,?,?,?,0,?,?,?,?,?,?,Y,M,?,?,?,?,?,?,?,?,?,?,?,?,?,?,COIL,2.2,640.0,0,?,0,?,3
481,?,C,A,0,0,?,S,2,0,?,?,G,?,?,?,?,?,?,?,?,?,?,?,?,?,?,?,?,?,?,?,COIL,0.6990000000000001,20.0,0,?,0,?,3
482,?,C,A,0,0,?,S,2,0,?,?,E,?,?,?,?,B,?,?,?,?,?,?,?,?,?,?,?,?,?,?,COIL,0.6990000000000001,1320.0,0,?,0,?,3
483,?,C,A,0,0,?,S,2,0,?,?,G,?,?,?,?,?,?,?,?,?,?,?,?,?,?,?,?,?,?,?,SHEET,1.2,609.9,614,?,0,?,3
484,?,C,A,0,0,?,S,3,0,N,?,E,?,?,?,?,?,?,?,?,?,?,?,?,?,?,?,?,?,?,?,SHEET,1.0,1320.0,4880,?,0,?,3
485,TN,C,A,0,0,?,S,3,0,N,?,?,?,?,?,?,?,?,?,?,?,?,?,?,?,?,?,?,?,?,?,COIL,1.2,609.9,0,?,0,?,5
486,?,C,K,65,0,?,?,?,0,?,?,?,?,?,?,?,?,?,?,?,?,?,?,?,?,?,?,?,?,?,?,COIL,1.0,610.0,0,?,0,?,3
487,?,C,K,55,0,?,?,?,0,?,?,?,?,?,?,Y,M,?,?,?,?,?,?,?,?,?,?,Y,?,?,?,COIL,1.5,900.0,0,?,0,?,3
488,?,C,K,45,0,?,?,?,0,?,?,?,?,?,?,?,?,?,?,?,?,?,?,?,?,?,?,?,?,?,?,COIL,3.2,900.0,0,?,0,?,3
489,?,C,A,0,0,?,S,2,0,?,?,E,?,?,?,?,?,?,?,?,?,?,?,?,?,?,?,?,?,?,?,SHEET,0.6990000000000001,610.0,762,N,0,?,3
490,ZS,C,R,0,0,?,A,2,0,?,?,G,?,?,?,?,?,?,?,?,?,?,?,?,?,?,?,?,?,?,?,COIL,0.6990000000000001,609.9,0,?,0,?,3
491,ZS,C,A,0,0,?,S,3,0,N,?,E,?,?,?,?,?,?,?,?,?,?,?,?,?,?,?,?,?,?,?,COIL,0.6990000000000001,610.0,0,?,0,?,3
492,?,C,R,0,0,?,S,2,0,?,?,E,?,?,Y,?,?,?,?,?,?,?,?,?,?,?,?,?,?,?,?,SHEET,0.3,1320.0,762,Y,0,?,3
493,?,C,W,0,0,?,?,?,310,?,?,G,?,?,?,?,?,?,?,?,?,?,?,?,?,?,?,?,?,?,?,SHEET,2.501,1275.0,4880,?,0,?,3
494,ZS,C,A,0,85,T,?,?,0,?,?,E,?,?,?,Y,?,?,?,?,?,?,?,?,?,?,?,?,?,?,?,SHEET,1.0,1220.0,762,?,0,?,U
495,?,C,A,0,45,?,S,?,0,?,?,D,?,?,?,?,?,?,?,?,?,?,?,?,?,?,?,?,?,?,?,SHEET,0.7,610.0,759,?,0,?,3
496,?,C,A,0,45,?,S,?,0,?,?,D,?,?,?,?,?,?,?,?,?,?,?,?,?,?,?,?,?,?,?,SHEET,0.7,609.9,3000,?,0,?,3
497,?,C,A,0,85,T,?,?,0,?,?,G,?,?,?,?,?,?,?,?,?,?,?,?,?,?,?,?,?,?,?,SHEET,3.2,200.1,4880,?,0,?,U
498,?,C,A,0,0,?,S,2,0,?,?,E,?,?,?,?,?,?,?,?,?,?,?,?,?,?,?,?,?,?,?,COIL,0.4,609.9,0,?,0,?,3
499,TN,C,A,0,0,?,?,3,0,N,?,?,?,?,?,?,?,?,?,?,?,?,?,?,Y,?,?,?,?,?,?,SHEET,0.6,335.0,3000,?,0,?,5
500,ZS,C,A,0,50,T,?,?,0,?,?,E,?,?,?,?,B,?,?,?,?,?,?,?,?,?,?,?,?,?,?,SHEET,0.6,1250.0,4880,?,0,?,3
501,?,C,R,0,0,?,S,2,0,?,?,E,?,?,?,?,B,Y,?,?,?,Y,?,?,?,?,?,?,?,?,?,SHEET,0.7,1300.0,762,?,0,?,3
502,TN,C,A,0,0,?,?,3,0,N,?,?,?,?,?,?,?,?,?,C,?,?,?,?,?,?,?,?,?,?,?,SHEET,0.6,610.0,612,?,0,?,5
503,?,C,R,0,0,?,S,2,0,?,?,E,?,?,Y,?,?,?,?,?,?,?,?,?,?,?,?,?,?,?,?,SHEET,3.2,610.0,4880,?,0,?,3
504,?,C,?,0,0,?,S,1,0,?,?,G,?,?,?,?,?,?,?,?,?,Y,?,?,?,?,?,?,?,?,?,SHEET,0.3,610.0,762,?,0,?,3
505,?,C,A,0,0,?,S,3,0,N,?,E,?,?,?,?,?,?,?,?,?,?,?,?,?,?,?,?,?,?,?,COIL,0.6,609.0,0,?,0,?,3
506,ZS,C,A,0,85,T,?,?,0,?,?,E,?,?,?,Y,?,?,?,?,?,Y,?,?,?,?,?,?,?,?,?,SHEET,1.2,1200.0,150,?,0,?,U
507,?,C,A,0,85,T,?,?,0,?,?,G,?,?,?,?,?,?,?,?,?,?,?,?,?,?,?,?,?,?,?,COIL,1.2,609.9,0,?,0,?,U
508,?,C,A,0,0,?,S,3,0,N,?,E,?,?,?,?,B,Y,?,?,?,Y,?,?,?,?,?,?,?,?,?,SHEET,0.7,609.9,4170,?,0,?,3
509,?,C,R,0,0,?,S,2,0,?,?,?,?,?,?,?,B,?,?,?,?,?,?,?,?,?,?,?,?,?,?,SHEET,1.599,1300.0,4880,?,0,?,2
510,?,C,A,0,0,?,S,2,0,?,?,E,?,?,?,?,B,?,?,?,?,?,?,?,?,?,?,?,?,?,?,COIL,0.6990000000000001,20.0,0,?,0,?,3
511,?,C,R,0,0,?,S,2,0,?,?,E,?,?,?,?,?,?,?,?,?,?,?,?,?,?,?,?,?,?,?,COIL,0.6990000000000001,1320.0,0,?,0,?,3
512,?,C,?,0,0,?,S,1,0,?,?,G,?,?,?,?,B,Y,?,?,?,?,?,?,?,?,?,?,?,?,?,SHEET,0.3,1300.0,762,?,0,?,3
513,?,C,R,0,0,?,S,2,0,?,?,E,?,?,?,?,?,Y,?,?,?,Y,?,?,?,?,?,?,?,?,?,SHEET,1.2,1320.0,4170,?,0,?,3
514,?,C,A,0,0,?,S,2,0,?,?,F,?,?,Y,?,B,?,?,?,?,?,?,?,?,?,?,?,?,?,?,SHEET,0.6,520.0,4880,?,0,?,3
515,?,C,A,0,0,?,S,2,0,?,?,G,?,?,?,Y,?,?,?,?,?,?,?,?,?,?,?,?,?,?,?,COIL,0.3,610.0,0,?,0,?,3
516,?,C,A,0,0,?,S,2,0,?,?,F,?,?,Y,?,?,?,?,?,?,?,?,?,?,?,?,?,?,?,?,SHEET,0.6,610.0,4880,?,0,?,3
517,?,C,A,0,0,?,S,2,0,?,?,E,?,?,?,?,?,Y,?,?,?,?,?,?,?,?,?,?,?,?,?,SHEET,0.7,610.0,762,?,0,?,3
518,?,C,A,0,0,?,S,3,0,N,?,E,?,?,?,?,?,?,?,?,?,?,?,?,?,?,?,?,?,?,?,SHEET,0.601,610.0,4880,?,0,?,3
519,TN,C,?,0,0,?,A,1,0,?,?,?,?,?,?,?,?,?,?,?,P,?,?,?,?,?,?,?,?,?,?,SHEET,1.6,610.0,762,?,0,?,5
520,?,C,A,0,0,?,S,2,0,?,?,E,?,?,?,?,?,?,?,?,?,Y,?,?,?,?,?,?,?,?,?,COIL,0.6,609.9,0,?,0,?,3
521,?,C,A,0,45,?,S,?,0,?,?,D,?,?,?,?,?,?,?,?,?,?,?,?,?,?,?,?,?,?,?,SHEET,0.3,519.9,762,?,0,?,3
522,?,C,R,0,0,?,S,3,0,?,?,E,?,?,?,?,?,?,?,?,?,?,?,?,?,?,?,?,?,?,?,COIL,1.0,75.0,0,?,0,?,3
523,?,C,K,55,0,?,?,?,0,?,?,?,?,?,?,?,M,?,?,?,?,?,?,?,?,?,?,?,?,?,?,COIL,2.3,900.0,0,?,500,?,3
524,?,C,A,0,0,?,S,2,0,?,?,E,?,?,?,?,?,?,?,?,?,?,?,?,?,?,?,?,?,?,?,SHEET,0.3,610.0,4880,Y,0,?,3
525,?,C,A,0,60,T,?,?,0,?,?,G,?,?,?,?,B,Y,?,?,?,Y,?,?,?,?,?,?,?,?,?,SHEET,0.8,356.1,762,?,0,?,3
526,?,C,R,0,0,?,S,2,0,?,?,?,?,?,?,Y,?,?,?,?,?,?,?,?,?,?,?,?,?,?,?,SHEET,0.8,1300.0,4880,?,0,?,2
527,?,C,A,0,85,T,?,?,0,?,?,G,?,?,?,?,?,?,?,?,?,?,?,?,?,?,?,?,?,?,?,COIL,3.201,190.0,0,?,0,?,U
528,?,C,W,0,0,?,?,?,310,?,?,G,?,?,?,?,?,?,?,?,?,?,?,?,?,?,?,?,?,?,?,COIL,2.501,600.1,0,?,0,?,3
529,?,C,A,0,0,?,S,2,0,?,?,F,?,?,Y,?,?,?,?,?,?,?,?,?,?,?,?,?,?,?,?,SHEET,0.999,610.0,762,?,0,?,3
530,TN,C,A,0,0,?,?,3,0,N,?,?,?,?,?,?,?,?,?,?,?,?,?,?,Y,?,?,?,?,?,?,COIL,1.2,609.9,0,?,0,?,5
531,?,C,A,0,60,T,?,?,0,?,?,G,?,?,?,?,?,?,?,?,?,?,?,?,?,?,?,Y,?,?,?,COIL,0.799,609.9,0,?,0,?,3
532,?,C,R,0,0,?,S,2,0,?,?,E,?,?,?,?,B,Y,?,?,?,?,?,?,?,?,?,?,?,?,?,SHEET,0.6990000000000001,610.0,150,?,0,?,3
533,?,C,V,0,0,?,S,2,0,?,?,?,1,?,?,?,?,?,?,?,?,?,?,?,?,?,?,?,?,?,?,COIL,0.7,1320.0,0,?,0,?,3
534,?,C,K,45,0,?,?,?,0,?,?,?,?,?,?,Y,M,?,?,?,?,?,?,?,?,?,?,?,?,?,?,COIL,1.5,640.0,0,?,0,?,3
535,?,C,A,0,0,?,?,?,500,?,?,G,?,?,?,?,?,?,?,?,?,?,?,?,?,?,?,?,?,?,?,COIL,1.6,610.0,0,?,0,?,3
536,?,C,R,0,0,?,S,2,0,?,?,E,?,?,Y,?,?,?,?,?,?,?,?,?,?,?,?,?,?,?,?,SHEET,3.2,1320.0,762,?,0,?,3
537,?,C,?,0,0,?,S,1,0,?,?,G,?,?,?,?,B,Y,?,?,?,?,?,?,?,?,?,?,?,?,?,SHEET,0.301,500.0,4120,Y,0,?,3
538,?,C,K,45,0,?,?,?,0,?,?,?,?,?,?,?,M,?,?,?,?,?,?,?,?,?,?,?,?,?,?,COIL,3.2,900.0,0,?,0,?,3
539,?,C,?,0,45,?,S,?,0,?,?,E,?,?,?,?,?,?,?,?,?,Y,?,?,?,?,?,?,?,?,?,SHEET,0.7,1320.0,762,?,0,?,3
540,?,C,R,0,0,?,S,2,0,?,?,?,?,?,?,?,?,Y,?,?,?,?,?,?,?,?,?,?,?,?,?,SHEET,2.0,610.0,4170,?,0,?,2
541,?,C,K,65,0,?,?,?,0,?,?,?,?,?,?,?,?,?,?,?,?,?,?,?,?,?,?,Y,?,?,?,COIL,1.0,610.0,0,?,0,?,3
542,?,C,K,65,0,?,?,?,0,?,?,?,?,?,?,?,M,?,?,?,?,?,?,?,?,?,?,?,?,?,?,COIL,2.3,640.0,0,?,500,?,3
543,?,C,R,0,0,?,S,2,0,?,?,?,?,?,?,?,?,Y,?,?,?,?,?,?,?,?,?,?,?,?,?,SHEET,1.6,610.0,612,?,0,?,2
544,?,C,R,0,0,?,S,3,0,?,?,?,?,?,?,?,?,?,?,?,?,?,?,?,?,?,?,?,?,?,?,SHEET,0.8,610.0,762,?,0,?,2
545,?,C,A,0,0,?,S,2,0,?,?,F,?,?,?,?,?,?,?,?,?,?,?,?,?,?,?,?,?,?,?,SHEET,0.6,520.0,762,?,0,?,3
546,ZS,C,A,0,0,?,S,5,0,N,?,E,?,?,?,?,?,?,?,?,?,?,?,?,?,?,?,?,?,?,?,COIL,0.8,609.9,0,?,0,?,3
547,TN,C,A,0,0,?,?,3,0,N,?,?,?,?,?,?,B,?,?,C,?,?,?,?,?,?,?,?,?,?,?,COIL,1.6,600.1,0,?,0,?,5
548,?,C,V,0,0,?,S,2,0,?,?,?,2,?,?,?,?,?,?,?,?,?,?,?,?,?,?,?,?,?,?,SHEET,0.8,1320.0,4880,?,0,?,2
549,?,C,R,0,0,?,S,2,0,?,?,E,?,?,Y,?,B,Y,?,?,?,?,?,?,?,?,?,?,?,?,?,SHEET,1.601,610.0,762,?,0,?,3
550,?,C,R,0,0,?,S,2,0,?,?,E,?,?,?,?,?,Y,?,?,?,?,?,?,?,?,?,?,?,?,?,SHEET,0.7,1320.0,762,?,0,?,3
551,TN,C,A,0,0,?,?,3,0,N,?,?,?,?,?,?,?,?,?,C,?,?,?,?,?,?,?,?,?,?,?,SHEET,1.6,1220.0,612,?,0,?,5
552,?,C,A,0,45,?,S,?,0,?,?,D,?,?,Y,?,?,?,?,?,?,?,?,?,?,?,?,?,?,?,?,SHEET,0.6990000000000001,610.0,4880,N,0,?,3
553,?,C,A,0,0,?,S,2,0,?,?,F,?,?,Y,?,B,?,?,?,?,?,?,?,?,?,?,?,?,?,?,SHEET,0.6,609.9,762,?,0,?,3
554,ZS,C,A,0,0,?,S,5,0,N,?,E,?,?,?,?,?,?,?,?,?,?,?,?,?,?,?,?,?,?,?,COIL,0.7,20.0,0,?,0,?,3
555,?,C,R,0,0,?,S,2,0,?,?,?,?,?,?,?,?,?,?,?,?,?,?,?,?,?,?,?,?,?,?,COIL,0.8,1320.0,0,?,0,?,2
556,?,C,R,0,0,?,S,2,0,?,?,E,?,?,Y,?,?,?,?,?,?,?,?,?,?,?,?,?,?,?,?,COIL,0.8,609.9,0,?,0,?,3
557,?,C,A,0,0,?,S,3,0,N,?,E,?,?,?,?,?,?,?,?,?,?,?,?,?,?,?,?,?,?,?,COIL,0.601,610.0,0,?,0,?,3
558,?,C,R,0,0,?,S,2,0,?,?,?,?,?,?,?,?,?,?,?,?,?,?,?,?,?,?,?,?,?,?,SHEET,0.8,610.0,762,?,0,?,2
559,?,C,W,0,0,?,?,?,310,?,?,G,?,?,?,?,?,?,?,?,?,?,?,?,?,?,?,?,?,?,?,SHEET,1.599,1275.0,762,?,0,?,3
560,?,C,?,0,0,?,S,1,0,?,?,G,?,?,?,?,?,?,?,?,?,Y,?,?,?,?,?,?,?,?,?,SHEET,0.4,1220.0,4170,?,0,?,3
561,ZS,C,A,0,0,?,S,3,0,N,?,E,?,?,?,?,?,?,?,?,?,?,?,?,?,?,?,?,?,?,?,COIL,0.799,20.0,0,?,0,?,3
562,?,C,K,45,0,?,?,?,0,?,?,?,?,?,?,?,?,?,?,?,?,?,?,?,?,?,?,?,?,?,?,COIL,1.5,640.0,0,?,0,?,3
563,?,C,R,6,0,T,?,?,0,?,?,?,?,?,?,?,?,?,?,?,?,?,?,?,?,?,?,?,?,?,?,SHEET,1.0,1320.0,762,?,0,?,3
564,?,C,R,0,0,?,S,2,0,?,?,E,?,?,?,?,B,Y,?,?,?,Y,?,?,?,?,?,?,?,?,?,SHEET,1.599,610.0,762,?,0,?,3
565,?,C,K,45,0,?,?,?,0,?,?,?,?,?,?,?,M,?,?,?,?,?,?,?,?,?,?,?,?,?,?,COIL,3.2,900.0,0,?,600,?,3
566,?,C,A,0,0,?,S,2,0,?,?,E,?,?,?,?,?,?,?,?,?,?,?,?,?,?,?,?,?,?,?,COIL,0.301,610.0,0,N,0,?,3
567,TN,C,A,0,0,?,?,3,0,N,?,?,?,?,?,?,?,?,?,C,?,?,?,?,?,?,?,?,?,?,?,SHEET,0.6,609.9,1,?,0,?,5
568,?,C,A,0,0,?,S,3,0,N,?,E,?,?,?,?,B,Y,?,?,?,Y,?,?,?,?,?,?,?,?,?,SHEET,0.7,609.9,612,?,0,?,3
569,ZS,C,A,0,50,T,?,?,0,?,?,E,?,?,?,?,?,?,?,?,?,?,?,?,?,?,?,?,?,?,?,COIL,0.3,1250.0,0,?,0,?,3
570,ZS,C,A,0,50,T,?,?,0,?,?,E,?,?,Y,?,?,?,?,?,?,?,?,?,?,?,?,?,?,?,?,COIL,0.3,610.0,0,?,0,?,3
571,?,C,?,0,0,?,?,?,500,?,P,?,?,?,?,?,?,?,?,?,?,?,?,?,?,?,B,?,?,?,?,SHEET,2.0,300.1,301,?,0,?,2
572,?,C,R,0,0,?,S,2,0,?,?,E,?,?,Y,?,B,Y,?,?,?,?,?,?,?,?,?,?,?,?,?,SHEET,1.599,1300.0,762,?,0,?,3
573,?,C,A,0,0,?,S,2,0,?,?,G,?,?,Y,?,B,Y,?,?,?,?,?,?,?,?,?,?,?,?,?,SHEET,0.7,610.0,4880,?,0,?,3
574,?,C,A,0,0,?,S,2,0,?,?,E,?,?,?,?,?,?,?,?,?,Y,?,?,?,?,?,?,?,?,?,COIL,1.2,599.9,0,?,0,?,3
575,?,C,A,0,60,T,?,?,0,?,?,G,?,?,?,?,B,Y,?,?,?,Y,?,?,?,?,?,?,?,?,?,SHEET,0.8,356.1,4880,?,0,?,3
576,?,C,R,0,0,?,S,2,0,?,?,E,?,?,Y,?,B,Y,?,?,?,?,?,?,?,?,?,?,?,?,?,SHEET,1.601,610.0,4880,?,0,?,3
577,ZS,C,A,0,85,T,?,?,0,?,?,E,?,?,?,Y,?,?,?,?,?,Y,?,?,?,?,?,?,?,?,?,SHEET,0.4,600.0,611,?,0,?,U
578,?,C,R,0,0,?,A,3,0,?,?,G,?,?,?,?,?,?,?,?,?,?,?,?,?,?,?,?,?,?,?,COIL,0.601,610.0,0,?,0,?,3
579,?,C,A,0,0,?,S,2,0,?,?,G,?,?,?,?,?,?,?,?,?,?,?,?,?,?,?,Y,?,?,?,COIL,0.6990000000000001,20.0,0,?,0,?,3
580,?,C,A,0,0,?,S,3,0,N,?,F,?,?,?,?,B,Y,?,?,?,Y,?,?,?,?,?,?,?,?,?,SHEET,1.2,610.0,762,?,0,?,3
581,?,C,A,0,0,?,S,3,0,N,?,E,?,?,?,?,?,?,?,?,?,?,?,?,?,?,?,?,?,?,?,COIL,0.6,610.0,0,?,0,?,3
582,?,C,A,0,60,T,?,?,0,?,?,G,?,?,?,?,B,Y,?,?,?,Y,?,?,?,?,?,?,?,?,?,SHEET,0.8009999999999999,356.0,762,?,0,?,3
583,?,C,W,0,0,?,?,?,310,?,?,G,?,?,?,?,?,?,?,?,?,?,?,?,?,?,?,?,?,?,?,SHEET,2.5,610.0,762,?,0,?,3
584,?,C,R,0,0,?,S,2,0,?,?,E,?,?,?,?,B,Y,?,?,?,?,?,?,?,?,?,?,?,?,?,SHEET,0.6990000000000001,609.0,612,?,0,?,3
585,?,C,?,0,0,T,S,2,0,?,?,?,?,?,?,?,?,?,?,?,?,?,?,?,?,?,?,?,?,?,?,COIL,3.2,610.0,0,?,0,?,3
586,?,C,?,0,0,?,?,?,500,?,P,?,?,?,?,?,?,?,?,?,?,?,?,?,?,?,?,?,?,?,?,SHEET,2.0,300.1,301,?,0,?,2
587,?,C,A,0,0,?,S,3,0,N,?,G,?,?,?,?,?,?,?,?,?,?,?,?,?,?,?,?,?,?,?,COIL,1.0,1320.0,0,?,0,?,3
588,?,C,?,0,0,?,?,?,500,?,P,?,?,?,?,?,?,?,?,?,?,?,?,?,?,?,?,?,?,?,?,SHEET,1.6,610.0,762,?,0,?,2
589,?,C,A,0,0,?,S,2,0,?,?,F,?,?,Y,?,B,Y,?,?,?,?,?,?,?,?,?,?,?,?,?,SHEET,0.6,1320.0,301,?,0,?,3
590,?,C,A,0,0,?,S,2,0,?,?,E,?,?,?,?,?,?,?,?,?,?,?,?,?,?,?,?,?,?,?,COIL,3.2,609.9,0,?,0,?,3
591,?,C,A,0,45,?,S,?,0,?,?,D,?,?,?,?,?,?,?,?,?,?,?,?,?,?,?,?,?,?,?,COIL,0.7,610.0,0,?,0,?,3
592,?,C,A,0,85,T,?,?,0,?,?,G,?,?,?,?,?,?,?,?,?,?,?,?,?,?,?,?,?,?,?,COIL,1.001,609.9,0,?,0,?,U
593,?,C,A,0,0,?,S,2,0,?,?,F,?,?,Y,?,?,Y,?,?,?,?,?,?,?,?,?,?,?,?,?,SHEET,0.6990000000000001,519.0,762,?,0,?,3
594,?,C,K,65,0,?,?,?,0,?,?,?,?,?,?,?,?,?,?,?,?,?,?,?,?,?,?,?,?,?,?,COIL,3.0,65.1,0,?,0,?,3
595,?,C,R,0,0,?,S,2,0,?,?,E,?,?,?,?,B,Y,?,?,?,Y,?,?,?,?,?,?,?,?,?,SHEET,1.599,610.0,4170,?,0,?,3
596,?,C,A,0,0,?,S,2,0,?,?,E,?,?,?,?,B,?,?,?,?,?,?,?,?,?,?,?,?,?,?,SHEET,0.7,609.9,4880,?,0,?,3
597,?,C,?,0,50,T,?,?,0,?,?,G,?,?,?,?,?,?,?,?,?,?,?,?,?,?,?,Y,?,?,?,COIL,0.6,610.0,0,?,0,?,3
598,?,C,A,0,0,?,S,2,0,?,?,E,?,?,?,?,?,Y,?,?,?,?,?,?,?,?,?,?,?,?,?,SHEET,0.7,1320.0,762,?,0,?,3
599,?,C,R,0,0,?,S,3,0,?,?,?,?,?,?,?,?,?,?,?,?,?,?,?,?,?,?,?,?,?,?,SHEET,0.8,1320.0,761,?,0,?,2
600,?,C,K,45,0,?,?,?,0,?,?,?,?,?,?,?,?,?,?,?,?,?,?,?,?,?,?,Y,?,?,?,COIL,0.6,610.0,0,?,0,?,3
601,?,C,R,0,0,?,S,2,0,?,?,E,?,?,?,?,?,?,?,?,?,Y,?,?,?,?,?,?,?,?,?,COIL,0.7,1220.0,0,?,0,?,3
602,?,C,A,0,0,?,S,2,0,?,?,F,?,?,Y,?,B,?,?,?,?,?,?,?,?,?,?,?,?,?,?,SHEET,0.6,520.0,762,?,0,?,3
603,?,C,A,0,45,?,S,?,0,?,?,D,?,?,?,?,B,?,?,?,?,?,?,?,?,?,?,?,?,?,?,SHEET,0.3,1320.0,762,?,0,?,3
604,?,C,A,0,0,?,S,2,0,?,?,G,?,?,?,?,?,?,?,?,?,?,?,?,?,?,?,?,?,?,?,SHEET,0.4,1320.0,762,N,0,?,3
605,TN,C,?,0,0,?,A,1,0,?,?,?,?,?,?,?,?,?,?,?,?,?,?,?,Y,?,?,?,?,?,?,SHEET,0.5,1220.0,4880,?,0,?,5
606,?,C,A,0,0,?,S,2,0,?,?,G,?,?,?,?,?,?,?,?,?,?,?,?,?,?,?,?,?,?,?,COIL,3.201,0.0,0,?,0,?,3
607,ZS,C,R,0,0,?,A,2,0,?,?,G,?,?,?,?,?,?,?,?,?,?,?,?,?,?,?,?,?,?,?,COIL,0.6990000000000001,1250.0,0,?,0,?,3
608,?,C,K,55,0,?,?,?,0,?,?,?,?,?,?,Y,M,?,?,?,?,?,?,?,?,?,?,Y,?,?,?,COIL,3.2,640.0,0,?,600,?,3
609,TN,C,?,0,0,?,A,1,0,?,?,?,?,?,?,?,?,?,?,?,?,?,?,?,Y,?,?,?,?,?,?,COIL,0.8,50.0,0,?,0,?,5
610,?,C,A,0,0,?,S,3,0,N,?,E,?,?,?,?,?,?,?,?,?,?,?,?,?,?,?,?,?,?,?,SHEET,1.0,610.0,762,?,0,?,3
611,TN,C,A,0,0,?,S,3,0,N,?,?,?,?,?,?,?,?,?,?,?,?,?,?,?,?,?,?,?,?,?,COIL,1.6,609.9,0,?,0,?,5
612,?,C,A,0,60,T,?,?,0,?,?,G,?,?,?,?,?,?,?,?,?,?,?,?,?,?,?,?,?,?,?,COIL,0.799,20.0,0,?,0,?,3
613,?,C,R,0,0,?,S,3,0,?,?,E,?,?,?,?,?,?,?,?,?,?,?,?,?,?,?,?,?,?,?,COIL,0.601,610.0,0,?,0,3,3
614,?,C,?,0,0,?,S,1,0,?,?,G,?,?,?,?,?,?,?,?,?,?,?,?,?,?,?,?,?,?,?,SHEET,0.3,1320.0,762,Y,0,?,3
615,?,C,A,0,85,T,?,?,0,?,?,G,?,?,?,?,?,?,?,?,?,?,?,?,?,?,?,?,?,?,?,COIL,0.4,609.9,0,?,0,?,U
616,?,C,R,0,0,?,S,2,0,?,?,E,?,?,Y,?,B,Y,?,?,?,?,?,?,?,?,?,?,?,?,?,SHEET,0.7,610.0,762,?,0,?,3
617,?,C,A,0,0,?,S,2,0,?,?,F,?,?,Y,?,?,?,?,?,?,?,?,?,?,?,?,?,?,?,?,SHEET,0.6,610.0,761,?,0,?,3
618,?,C,A,0,0,?,S,2,0,?,?,G,?,?,?,?,?,?,?,?,?,?,?,?,?,?,?,Y,?,?,?,COIL,0.6990000000000001,609.9,0,?,0,?,3
619,?,C,A,0,80,T,?,?,0,?,?,G,?,?,?,?,?,?,?,?,?,Y,?,?,?,?,?,?,?,?,?,COIL,0.5,28.0,0,?,0,?,3
620,?,C,A,0,0,?,S,2,0,?,?,G,?,?,?,?,B,Y,?,?,?,Y,?,?,?,?,?,?,?,?,?,SHEET,0.7,610.0,4170,?,0,?,3
621,?,C,A,0,45,?,S,?,0,?,?,D,?,?,?,?,B,Y,?,?,?,?,?,?,?,?,?,?,?,?,?,SHEET,0.4,1220.0,761,?,0,?,3
622,?,C,R,0,0,?,S,2,0,?,?,E,?,?,?,?,B,Y,?,?,?,?,?,?,?,?,?,?,?,?,?,SHEET,0.4,610.0,150,?,0,?,3
623,?,C,R,0,0,?,S,2,0,?,?,E,?,?,?,?,?,?,?,?,?,?,?,?,?,?,?,Y,?,?,?,SHEET,3.2,610.0,762,?,0,?,3
624,?,C,?,0,0,?,S,1,0,?,?,G,?,?,?,?,?,?,?,?,?,?,?,?,?,?,?,?,?,?,?,SHEET,0.3,610.0,761,?,0,?,3
625,?,C,A,0,85,T,?,?,0,?,?,G,?,?,?,?,M,?,?,?,?,?,?,?,?,?,?,Y,?,?,?,COIL,4.0,1000.0,0,?,600,?,U
626,?,C,R,6,0,T,?,?,0,?,?,?,?,?,?,?,?,?,?,?,?,?,?,?,?,?,?,?,?,?,?,SHEET,1.0,610.0,4880,?,0,?,3
627,?,C,A,0,45,?,S,?,0,?,?,D,?,?,?,?,?,?,?,?,?,?,?,?,?,?,?,?,?,?,?,SHEET,1.6,610.0,4880,?,0,?,3
628,?,C,R,0,0,?,S,3,0,?,?,?,?,?,?,?,?,?,?,?,?,?,?,?,?,?,?,?,?,?,?,SHEET,0.8,609.9,762,?,0,?,2
629,?,C,A,0,50,T,?,?,0,?,?,G,?,?,?,Y,?,?,?,?,?,?,?,?,?,?,?,Y,?,?,?,COIL,0.601,610.0,0,?,0,?,3
630,?,C,R,0,0,?,S,2,0,?,?,E,?,?,?,?,?,Y,?,?,?,?,?,?,?,?,?,?,?,?,?,SHEET,0.6990000000000001,1320.0,762,Y,0,?,3
631,?,C,A,0,60,T,?,?,0,?,?,G,?,?,?,?,?,?,?,?,?,?,?,?,?,?,?,?,?,?,?,COIL,4.0,50.0,0,?,0,?,3
632,?,C,W,0,0,?,?,?,310,?,?,G,?,?,?,?,?,?,?,?,?,?,?,?,?,?,?,?,?,?,?,SHEET,2.5,1274.9,762,?,0,?,3
633,?,C,R,0,0,?,S,3,0,?,?,?,?,?,?,?,?,?,?,?,?,?,?,?,?,?,?,?,?,?,?,SHEET,1.599,150.0,762,?,0,?,2
634,?,C,W,0,0,?,?,?,310,?,?,G,?,?,?,?,?,?,?,?,?,?,?,?,?,?,?,?,?,?,?,COIL,0.8,609.9,0,?,0,?,3
635,?,C,A,0,0,?,S,2,0,?,?,F,?,?,Y,?,?,Y,?,?,?,?,?,?,?,?,?,?,?,?,?,SHEET,0.6,609.9,4880,?,0,?,3
636,?,C,A,0,45,?,S,?,0,?,?,D,?,?,?,?,?,?,?,?,?,?,?,?,?,?,?,?,?,?,?,SHEET,1.6,1320.0,759,?,0,?,3
637,?,C,R,0,0,?,S,3,0,?,?,?,?,?,?,?,?,?,?,?,?,?,?,?,?,?,?,?,?,?,?,SHEET,1.601,830.0,881,?,0,?,2
638,?,C,A,0,0,?,S,2,0,?,?,E,?,?,Y,?,?,?,?,?,?,?,?,?,?,?,?,?,?,?,?,COIL,1.6,60.0,0,?,0,?,3
639,?,C,A,0,70,T,?,?,0,?,?,G,?,?,?,?,?,?,?,?,?,?,?,?,?,?,?,?,?,?,?,COIL,0.8009999999999999,1320.0,0,?,600,?,3
640,?,C,R,0,0,?,S,2,0,?,?,?,?,?,?,?,?,?,?,?,?,?,?,?,?,?,?,?,?,?,?,COIL,1.599,610.0,0,?,0,?,2
641,?,C,?,0,0,?,S,1,0,?,?,G,?,?,?,?,?,?,?,?,?,Y,?,?,?,?,?,?,?,?,?,SHEET,0.3,1220.0,4170,?,0,?,3
642,?,C,R,0,0,?,S,2,0,?,?,E,?,?,Y,?,?,Y,?,?,?,?,?,?,?,?,?,?,?,?,?,SHEET,1.601,150.0,4880,?,0,?,3
643,?,C,A,0,60,T,?,?,0,?,?,G,?,?,?,Y,?,?,?,?,?,?,?,?,?,?,?,?,?,?,?,COIL,1.001,1320.0,0,?,500,?,3
644,?,C,A,0,45,?,S,?,0,?,?,D,?,?,Y,?,?,?,?,?,?,?,?,?,?,?,?,?,?,?,?,SHEET,0.6990000000000001,1320.0,4880,N,0,?,3
645,?,C,A,0,0,?,S,2,0,?,?,E,?,?,Y,?,?,?,?,?,?,?,?,?,?,?,?,?,?,?,?,SHEET,0.3,1320.0,762,Y,0,?,3
646,?,C,M,0,0,?,?,?,600,?,?,G,?,?,?,Y,?,?,?,?,?,?,?,?,?,?,?,?,?,?,?,SHEET,1.2990000000000002,1050.0,1220,?,0,?,2
647,?,C,A,0,0,?,S,2,0,?,?,F,?,?,Y,?,B,Y,?,?,?,?,?,?,?,?,?,?,?,?,?,SHEET,0.6,300.1,4880,?,0,?,3
648,TN,C,A,0,0,?,?,3,0,N,?,?,?,?,?,?,B,?,?,?,?,?,?,?,Y,?,?,?,?,?,?,SHEET,0.6,1220.0,762,?,0,?,5
649,?,C,R,0,0,?,S,2,0,?,?,E,?,?,?,?,?,?,?,?,?,?,?,?,?,?,?,?,?,?,?,SHEET,0.6990000000000001,610.0,761,?,0,?,3
650,?,C,?,0,0,?,S,1,0,?,?,G,?,?,?,?,?,?,?,?,?,?,?,?,?,?,?,?,?,?,?,SHEET,0.6990000000000001,610.0,612,?,0,?,3
651,?,C,R,0,0,?,S,2,0,?,?,E,?,?,Y,?,?,?,?,?,?,?,?,?,?,?,?,?,?,?,?,SHEET,1.6,609.9,762,?,0,?,3
652,?,C,A,0,45,?,S,?,0,?,?,D,?,?,?,?,?,?,?,?,?,?,?,?,?,?,?,?,?,?,?,SHEET,0.6990000000000001,1320.0,4880,N,0,?,3
653,ZS,C,A,0,0,?,S,5,0,N,?,E,?,?,?,?,?,?,?,?,?,?,?,?,?,?,?,?,?,?,?,COIL,1.2,610.0,0,?,0,?,3
654,?,C,W,0,0,?,?,?,310,?,?,G,?,?,?,?,?,?,?,?,?,?,?,?,?,?,?,?,?,?,?,SHEET,0.8,1275.0,762,?,0,?,3
655,?,C,R,0,0,?,S,2,0,?,?,E,?,?,?,?,B,Y,?,?,?,Y,?,?,?,?,?,?,?,?,?,SHEET,1.2,1320.0,611,?,0,?,3
656,?,C,R,0,0,?,S,3,0,?,?,?,?,?,?,?,?,?,?,?,?,?,?,?,?,?,?,?,?,?,?,SHEET,0.8,610.0,1,?,0,?,2
657,?,C,A,0,60,T,?,?,0,?,?,G,?,?,?,?,B,Y,?,?,?,Y,?,?,?,?,?,?,?,?,?,SHEET,0.8,255.0,270,?,0,?,3
658,?,C,A,8,0,?,S,?,0,?,?,G,?,?,?,?,?,?,?,?,?,?,?,?,?,?,?,?,?,?,?,COIL,0.6990000000000001,20.0,0,?,0,?,3
659,?,C,A,0,0,?,S,2,0,?,?,F,?,?,Y,?,?,?,?,?,?,?,?,?,?,?,?,?,?,?,?,SHEET,0.6,520.0,0,?,0,?,3
660,?,C,A,0,45,?,S,?,0,?,?,D,?,?,?,?,B,Y,?,?,?,?,?,?,?,?,?,?,?,?,?,SHEET,0.4,610.0,300,?,0,?,3
661,?,C,A,0,45,?,S,?,0,?,?,D,?,?,?,?,?,?,?,?,?,?,?,?,?,?,?,?,?,?,?,COIL,0.4,610.0,0,N,0,?,3
662,?,C,M,0,0,?,?,?,600,?,?,G,?,?,?,Y,?,?,?,?,?,?,?,?,?,?,?,?,?,?,?,SHEET,0.9,610.0,3000,?,0,?,2
663,?,C,A,0,60,T,?,?,0,?,?,G,?,?,?,?,M,?,?,?,?,?,?,?,?,?,?,?,?,?,?,COIL,2.801,610.0,0,?,600,?,3
664,?,C,K,55,0,?,?,?,0,?,?,?,?,?,?,Y,M,?,?,?,?,?,?,?,?,?,?,?,?,?,?,COIL,2.3,900.0,0,?,600,?,3
665,?,C,R,6,0,T,?,?,0,?,?,?,?,?,Y,?,?,?,?,?,?,?,?,?,?,?,?,?,?,?,?,SHEET,0.6,1320.0,4880,?,0,?,3
666,TN,C,A,0,0,?,?,3,0,N,?,?,?,?,?,?,B,?,?,?,?,?,?,?,Y,?,?,?,?,?,?,SHEET,1.6,610.0,4880,?,0,?,5
667,?,C,R,0,0,?,S,2,0,?,?,E,?,?,?,?,?,?,?,?,?,Y,?,?,?,?,?,?,?,?,?,SHEET,1.2,610.0,4170,?,0,?,3
668,?,C,A,0,0,?,S,2,0,?,?,E,?,?,?,?,?,Y,?,?,?,?,?,?,?,?,?,?,?,?,?,SHEET,1.599,1320.0,4880,?,0,?,3
669,?,C,?,0,0,?,S,1,0,?,?,G,?,?,?,?,?,?,?,?,?,?,?,?,?,?,?,?,?,?,?,SHEET,0.3,374.9,762,?,0,?,3
670,TN,C,A,0,0,?,?,3,0,N,?,?,?,?,?,?,?,?,?,C,?,?,?,?,?,?,?,?,?,?,?,COIL,0.6,609.9,0,?,0,?,5
671,ZS,C,A,0,50,T,?,?,0,?,?,E,?,?,Y,?,B,?,?,?,?,?,?,?,?,?,?,?,?,?,?,SHEET,0.6,1250.0,4880,?,0,?,3
672,?,C,?,0,0,?,S,1,0,?,?,G,?,?,?,?,?,?,?,?,?,?,?,?,?,?,?,?,?,?,?,COIL,0.4,609.9,0,?,0,?,3
673,?,C,R,0,0,?,S,2,0,?,?,E,?,?,?,?,?,?,?,?,?,?,?,?,?,?,?,?,?,?,?,SHEET,0.6990000000000001,610.0,4880,N,0,?,3
674,?,C,?,0,70,T,?,?,0,?,?,G,?,?,?,?,?,?,?,?,?,?,?,?,?,?,?,Y,?,?,?,COIL,0.799,609.9,0,?,0,?,3
675,?,C,A,0,0,?,S,2,0,?,?,F,?,?,Y,?,B,Y,?,?,?,?,?,?,?,?,?,?,?,?,?,SHEET,0.6990000000000001,519.9,762,?,0,?,3
676,?,C,R,0,0,?,S,2,0,?,?,?,?,?,?,?,?,Y,?,?,?,?,?,?,?,?,?,?,?,?,?,SHEET,0.8,610.0,762,?,0,?,2
677,ZS,C,A,0,50,T,?,?,0,?,?,E,?,?,Y,?,?,?,?,?,?,?,?,?,?,?,?,?,?,?,?,SHEET,0.601,1250.0,4880,?,0,?,3
678,?,C,R,0,0,?,S,2,0,?,?,E,?,?,?,?,?,?,?,?,?,?,?,?,?,?,?,?,?,?,?,COIL,0.4,610.0,0,?,0,?,3
679,?,C,?,0,0,?,A,2,0,?,?,G,?,?,?,?,?,?,?,?,?,?,?,?,?,?,?,?,?,?,?,COIL,0.3,1320.0,0,?,0,?,3
680,?,C,A,0,85,T,?,?,0,?,?,G,?,?,?,?,?,?,?,?,?,Y,?,?,?,?,?,?,?,?,?,COIL,1.0,20.0,0,?,0,?,U
681,TN,C,A,0,0,?,?,3,0,N,?,?,?,?,?,?,?,?,?,?,?,?,?,?,Y,?,?,?,?,?,?,COIL,1.6,610.0,0,?,0,?,5
682,?,C,M,0,0,?,?,?,600,?,P,?,?,?,?,?,?,?,?,?,?,?,?,?,?,?,?,?,?,?,?,SHEET,2.0,1320.0,4880,?,0,?,2
683,?,C,A,0,45,?,S,?,0,?,?,D,?,?,Y,?,?,?,?,?,?,?,?,?,?,?,?,?,?,?,?,SHEET,0.6990000000000001,1320.0,760,N,0,?,3
684,?,C,K,55,0,?,?,?,0,?,?,?,?,?,?,?,M,?,?,?,?,?,?,?,?,?,?,?,?,?,?,COIL,2.3,640.0,0,?,600,?,3
685,?,C,?,0,0,?,A,2,0,?,?,G,?,?,?,?,?,?,?,?,?,?,?,?,?,?,?,?,?,?,?,COIL,3.2,1320.0,0,?,0,?,3
686,?,C,?,0,50,T,?,?,0,?,?,G,?,?,?,?,?,?,?,?,?,?,?,?,?,?,?,Y,?,?,?,COIL,1.2009999999999998,610.0,0,?,0,?,3
687,?,C,A,0,0,?,S,2,0,?,?,E,?,?,Y,?,?,Y,?,?,?,?,?,?,?,?,?,?,?,?,?,SHEET,0.3,1320.0,4880,Y,0,?,3
688,?,C,R,0,0,?,S,3,0,?,?,E,?,?,?,?,?,?,?,?,?,?,?,?,?,?,?,?,?,?,?,SHEET,0.6990000000000001,609.9,762,?,0,?,3
689,?,C,R,0,0,?,S,2,0,?,?,?,?,?,?,?,?,Y,?,?,?,?,?,?,?,?,?,?,?,?,?,SHEET,0.8,610.0,4880,?,0,?,2
690,ZS,C,A,0,0,?,S,5,0,N,?,E,?,?,?,?,?,?,?,?,?,?,?,?,?,?,?,?,?,?,?,COIL,0.7,609.9,0,?,0,?,3
691,?,C,R,0,0,?,S,2,0,?,?,E,?,?,?,?,B,Y,?,?,?,?,?,?,?,?,?,?,?,?,?,SHEET,0.4,1320.0,761,?,0,?,3
692,?,C,R,0,0,?,S,2,0,?,?,?,?,?,?,?,B,?,?,?,?,?,?,?,?,?,?,?,?,?,?,COIL,1.6,610.0,0,?,0,?,2
693,TN,C,A,0,0,?,?,3,0,N,?,?,?,?,?,?,?,?,?,?,?,?,?,?,Y,?,?,?,?,?,?,SHEET,1.6,1220.0,761,?,0,?,5
694,?,C,A,0,0,?,S,2,0,?,?,F,?,?,Y,?,?,?,?,?,?,?,?,?,?,?,?,?,?,?,?,SHEET,0.6990000000000001,1220.0,4880,?,0,?,3
695,?,C,R,0,0,?,S,2,0,?,?,?,?,?,?,?,B,Y,?,?,?,?,?,?,?,?,?,?,?,?,?,SHEET,1.599,1525.0,4170,?,0,?,2
696,?,C,A,0,0,?,S,2,0,?,?,E,?,?,?,?,?,?,?,?,?,Y,?,?,?,?,?,?,?,?,?,COIL,1.6,610.0,0,?,0,2,3
697,?,C,R,6,0,T,?,?,0,?,?,?,?,?,?,?,?,?,?,?,?,?,?,?,?,?,?,?,?,?,?,COIL,0.5,610.0,0,?,0,?,3
698,?,C,A,0,0,?,S,2,0,?,?,G,?,?,?,?,?,?,?,?,?,?,?,?,?,?,?,Y,?,?,?,COIL,0.3,610.0,0,?,0,?,3
699,?,C,A,0,0,?,S,2,0,?,?,E,?,?,Y,?,?,Y,?,?,?,?,?,?,?,?,?,?,?,?,?,SHEET,0.6990000000000001,610.0,4880,Y,0,?,3
700,TN,C,A,0,0,?,?,3,0,N,?,?,?,?,?,?,B,?,?,C,?,?,?,?,?,?,?,?,?,?,?,COIL,0.6,609.9,0,?,0,?,5
701,?,C,R,0,0,?,S,2,0,?,?,E,?,?,?,?,?,?,?,?,?,?,?,?,?,?,?,Y,?,?,?,COIL,0.3,610.0,0,?,0,?,3
702,?,C,A,0,60,T,?,?,0,?,?,G,?,?,?,?,?,?,?,?,?,?,?,?,?,?,?,?,?,?,?,COIL,0.8009999999999999,1320.0,0,?,600,?,3
703,TN,C,A,0,0,?,?,3,0,N,?,?,?,?,?,?,B,?,?,?,?,?,?,?,Y,?,?,?,?,?,?,SHEET,1.6,610.0,762,?,0,?,5
704,ZS,C,A,0,50,T,?,?,0,?,?,E,?,?,Y,?,B,?,?,?,?,?,?,?,?,?,?,?,?,?,?,SHEET,0.451,610.0,762,?,0,?,3
705,?,C,?,0,50,T,?,?,0,?,?,G,?,?,?,Y,?,?,?,?,?,?,?,?,?,?,?,?,?,?,?,COIL,0.601,610.0,0,?,0,?,3
706,TN,C,A,0,0,?,?,3,0,N,?,?,?,?,?,?,?,?,?,?,P,?,?,?,?,?,?,?,?,?,?,COIL,0.6,609.9,0,?,0,?,5
707,?,C,R,0,0,?,S,3,0,?,?,?,?,?,?,?,B,Y,?,?,?,?,?,?,?,?,?,?,?,?,?,SHEET,1.599,1320.0,762,?,0,?,2
708,TN,C,A,0,0,?,?,3,0,N,?,?,?,?,?,?,?,?,?,?,?,?,?,?,Y,?,?,?,?,?,?,SHEET,1.6,335.0,612,?,0,?,5
709,?,C,A,0,45,?,S,?,0,?,?,D,?,?,?,?,?,?,?,?,?,?,?,?,?,?,?,?,?,?,?,SHEET,0.3,610.0,761,?,0,?,3
710,?,C,A,0,0,?,S,2,0,?,?,E,?,?,Y,?,?,?,?,?,?,?,?,?,?,?,?,?,?,?,?,SHEET,0.3,610.0,762,Y,0,?,3
711,?,C,R,0,0,?,S,2,0,?,?,E,?,?,?,?,B,Y,?,?,?,?,?,?,?,?,?,?,?,?,?,SHEET,0.4,1320.0,150,?,0,?,3
712,?,C,A,0,0,?,?,?,500,?,?,G,?,?,?,?,?,?,?,?,?,?,?,?,?,?,?,?,?,?,?,COIL,0.9,1320.0,0,?,0,?,3
713,?,C,A,0,70,T,?,?,0,?,?,G,?,?,?,Y,?,?,?,?,?,?,?,?,?,?,?,?,?,?,?,COIL,0.8,610.0,0,?,0,?,3
714,?,C,R,0,0,?,S,3,0,?,?,?,?,?,?,?,?,?,?,?,?,?,?,?,?,?,?,?,?,?,?,COIL,0.8,609.9,0,?,0,?,2
715,?,C,?,0,70,T,?,?,0,?,?,G,?,?,?,?,?,?,?,?,?,?,?,?,?,?,?,?,?,?,?,COIL,0.799,609.0,0,?,0,?,3
716,ZS,C,R,0,0,?,A,2,0,?,?,G,?,?,?,?,?,?,?,?,?,?,?,?,?,?,?,?,?,?,?,COIL,0.6990000000000001,609.9,0,?,0,?,3
717,?,C,A,0,0,?,S,2,0,?,?,E,?,?,?,?,B,?,?,?,?,?,?,?,?,?,?,?,?,?,?,SHEET,1.6,150.0,762,?,0,?,3
718,?,C,A,0,45,?,S,?,0,?,?,D,?,?,?,?,?,?,?,?,?,?,?,?,?,?,?,?,?,?,?,COIL,0.7,1320.0,0,?,0,?,3
719,ZS,C,A,0,50,T,?,?,0,?,?,E,?,?,Y,?,?,?,?,?,?,?,?,?,?,?,?,?,?,?,?,SHEET,0.4,1220.0,762,?,0,?,3
720,ZS,C,A,0,85,T,?,?,0,?,?,E,?,?,?,?,?,?,?,?,?,?,?,?,?,?,?,?,?,?,?,COIL,0.321,1220.0,0,?,0,?,U
721,?,C,W,0,0,?,?,?,310,?,?,G,?,?,?,?,?,?,?,?,?,?,?,?,?,?,?,?,?,?,?,SHEET,1.6,1274.9,4880,?,0,?,3
722,?,C,A,0,45,?,S,?,0,?,?,D,?,?,?,?,?,Y,?,?,?,?,?,?,?,?,?,?,?,?,?,SHEET,0.7,610.0,4880,?,0,?,3
723,?,C,A,0,0,?,S,2,0,?,?,E,?,Y,Y,?,?,?,?,?,?,?,?,?,?,?,?,?,?,?,?,COIL,1.6,606.9,0,?,0,?,3
724,?,C,R,0,0,?,S,2,0,?,?,E,?,?,?,?,B,?,?,?,?,?,?,?,?,?,?,?,?,?,?,SHEET,0.7,609.9,762,?,0,?,3
725,?,C,A,0,45,?,S,?,0,?,?,D,?,?,?,?,?,?,?,?,?,?,?,?,?,?,?,?,?,?,?,COIL,0.6990000000000001,610.0,0,?,0,?,3
726,?,C,R,0,0,?,S,3,0,?,?,?,?,?,?,?,?,?,?,?,?,?,?,?,?,?,?,?,?,?,?,COIL,0.8,20.0,0,?,0,?,2
727,?,C,K,55,0,?,?,?,0,?,?,?,?,?,?,?,?,?,?,?,?,?,?,?,?,?,?,Y,?,?,?,COIL,1.0,900.0,0,?,0,?,3
728,?,C,?,0,0,?,?,?,500,?,P,?,?,?,?,?,?,?,?,?,?,?,?,?,?,?,B,?,?,?,?,SHEET,2.0,609.9,4880,?,0,?,2
729,?,C,R,0,0,?,S,2,0,?,?,E,?,?,?,?,B,Y,?,?,?,Y,?,?,?,?,?,?,?,?,?,SHEET,1.2,150.0,612,?,0,?,3
730,?,C,A,0,60,T,?,?,0,?,?,G,?,?,?,Y,?,?,?,?,?,?,?,?,?,?,?,?,?,?,?,COIL,0.6,610.0,0,?,0,?,3
731,?,C,A,0,85,T,?,?,0,?,?,G,?,?,?,?,?,?,?,?,?,?,?,?,?,?,?,?,?,?,?,SHEET,1.2,1220.0,4880,?,0,?,U
732,?,C,S,70,0,?,?,?,0,?,?,?,?,?,?,?,?,?,?,?,?,?,?,?,?,?,?,?,?,?,?,SHEET,1.6,1320.0,762,?,0,?,3
733,?,C,?,0,50,T,?,?,0,?,?,G,?,?,?,?,?,?,?,?,?,?,?,?,?,?,?,Y,?,?,?,COIL,1.2009999999999998,1320.0,0,?,0,?,3
734,?,C,R,0,0,?,S,3,0,?,?,?,?,?,?,?,?,?,?,?,?,?,?,?,?,?,?,?,?,?,?,SHEET,1.6,1525.0,612,?,0,?,2
735,?,C,A,0,45,?,S,?,0,?,?,D,?,?,?,?,?,?,?,?,?,?,?,?,?,?,?,?,?,?,?,SHEET,0.3,150.0,4880,?,0,?,3
736,TN,C,A,0,0,?,?,3,0,N,?,?,?,?,?,?,?,?,?,C,?,?,?,?,?,?,?,?,?,?,?,SHEET,0.6,335.0,1,?,0,?,5
737,?,C,A,0,0,?,S,2,0,?,?,G,?,?,?,?,?,Y,?,?,?,?,?,?,?,?,?,?,?,?,?,SHEET,1.601,1300.0,762,?,0,?,3
738,?,C,R,0,0,?,S,2,0,?,?,E,?,?,Y,?,?,Y,?,?,?,?,?,?,?,?,?,?,?,?,?,SHEET,0.3,1320.0,762,Y,0,?,3
739,?,C,R,0,0,?,S,3,0,?,?,E,?,?,?,?,?,?,?,?,?,?,?,?,?,?,?,?,?,?,?,SHEET,0.6,609.0,4880,?,0,?,3
740,?,C,R,0,0,?,S,2,0,?,?,E,?,?,?,?,B,?,?,?,?,Y,?,?,?,?,?,?,?,?,?,COIL,0.7,1220.0,0,?,0,?,3
741,?,C,R,0,0,?,S,2,0,?,?,?,?,?,?,?,?,?,?,?,?,?,?,?,?,?,?,?,?,?,?,COIL,1.599,609.9,0,?,0,?,2
742,?,C,?,0,0,?,S,1,0,?,?,G,?,?,?,?,B,Y,?,?,?,?,?,?,?,?,?,?,?,?,?,SHEET,0.3,595.0,4880,?,0,?,3
743,?,C,R,0,0,?,A,3,0,?,?,G,?,?,?,?,?,?,?,?,?,?,?,?,?,?,?,?,?,?,?,SHEET,0.7,1320.0,4880,?,0,?,3
744,?,C,R,0,0,?,S,2,0,?,?,E,?,?,Y,?,B,?,?,?,?,?,?,?,?,?,?,?,?,?,?,COIL,1.6,610.0,0,?,0,?,3
745,?,C,R,0,0,?,S,3,0,?,?,E,?,?,?,?,?,?,?,?,?,?,?,?,?,?,?,?,?,?,?,COIL,0.8,75.0,0,?,0,?,3
746,?,C,V,0,0,?,S,2,0,?,?,?,1,?,?,?,?,?,?,?,?,?,?,?,?,?,?,?,?,?,?,COIL,0.8,609.9,0,?,0,?,3
747,?,C,R,0,0,?,S,2,0,?,?,E,?,?,?,?,B,Y,?,?,?,Y,?,?,?,?,?,?,?,?,?,SHEET,0.7,150.0,612,?,0,?,3
748,?,C,R,0,0,?,S,2,0,?,?,E,?,?,?,?,?,?,?,?,?,?,?,?,?,?,?,?,?,?,?,SHEET,0.7,150.0,762,?,0,?,3
749,TN,C,A,0,0,?,?,3,0,N,?,?,?,?,?,?,?,?,?,?,P,?,?,?,?,?,?,?,?,?,?,SHEET,1.6,1220.0,762,?,0,?,5
750,?,C,?,0,70,T,?,?,0,?,?,G,?,?,?,?,M,?,?,?,?,?,?,?,?,?,?,?,?,?,?,COIL,2.801,1000.0,0,?,600,?,3
751,?,C,R,0,0,?,A,3,0,?,?,G,?,?,?,?,?,?,?,?,?,?,?,?,?,?,?,?,?,?,?,COIL,0.6,1320.0,0,?,0,?,3
752,ZS,C,A,0,70,T,?,?,0,?,?,E,?,?,?,?,?,?,?,?,?,?,?,?,?,?,?,?,?,?,?,COIL,0.6,610.0,0,?,0,?,3
753,?,C,S,70,0,?,?,?,0,?,?,?,?,?,?,?,M,?,?,?,?,?,?,?,?,?,?,?,?,?,?,SHEET,2.5,610.0,4880,?,0,?,3
754,ZS,C,A,0,0,?,S,3,0,N,?,E,?,?,?,?,?,?,?,?,?,?,?,?,?,?,?,?,?,?,?,SHEET,1.2,609.9,4170,?,0,?,3
755,?,C,R,0,0,?,S,2,0,?,?,E,?,?,Y,?,?,?,?,?,?,?,?,?,?,?,?,?,?,?,?,SHEET,0.7,609.9,762,?,0,?,3
756,?,C,R,0,0,?,S,2,0,?,?,E,?,?,Y,?,B,?,?,?,?,?,?,?,?,?,?,?,?,?,?,SHEET,1.599,610.0,762,?,0,?,3
757,?,C,R,0,0,?,S,3,0,?,?,E,?,?,?,?,?,?,?,?,?,?,?,?,?,?,?,?,?,?,?,SHEET,0.601,609.9,612,?,0,?,3
758,?,C,R,0,0,?,S,2,0,?,?,E,?,?,?,?,?,?,?,?,?,?,?,?,?,?,?,?,?,?,?,SHEET,0.6990000000000001,1320.0,4880,Y,0,?,3
759,?,C,R,0,0,?,S,2,0,?,?,E,?,?,?,?,?,Y,?,?,?,Y,?,?,?,?,?,?,?,?,?,SHEET,1.2,610.0,4170,?,0,?,3
760,?,C,R,0,0,?,S,2,0,?,?,E,?,?,?,Y,?,?,?,?,?,?,?,?,?,?,?,?,?,?,?,COIL,0.4,610.0,0,?,0,?,3
761,?,C,A,0,45,?,S,?,0,?,?,D,?,?,?,?,B,Y,?,?,?,?,?,?,?,?,?,?,?,?,?,SHEET,0.7,610.0,4880,?,0,?,3
762,?,C,A,0,0,?,S,2,0,?,?,F,?,?,Y,?,B,Y,?,?,?,?,?,?,?,?,?,?,?,?,?,SHEET,0.7,1220.0,762,?,0,?,3
763,?,C,R,0,0,?,S,2,0,?,?,E,?,?,?,?,B,?,?,?,?,?,?,?,?,?,?,?,?,?,?,COIL,0.4,609.9,0,?,0,?,3
764,?,C,A,0,0,?,S,2,0,?,?,G,?,?,?,?,B,Y,?,?,?,Y,?,?,?,?,?,?,?,?,?,SHEET,0.7,1300.0,4170,?,0,?,3
765,TN,C,A,0,0,?,?,3,0,N,?,?,?,?,?,?,?,?,?,?,?,?,?,?,Y,?,?,?,?,?,?,COIL,0.8,50.0,0,?,0,?,5
766,?,C,K,65,0,?,?,?,0,?,?,?,?,?,?,?,?,?,?,?,?,?,?,?,?,?,?,?,?,?,?,COIL,1.1,610.0,0,?,0,?,3
767,?,C,R,0,0,?,S,2,0,?,?,?,?,?,Y,?,?,?,?,?,?,?,?,?,?,?,?,?,?,?,?,SHEET,2.0,1500.0,4170,?,0,?,2
768,?,C,R,0,0,?,S,2,0,?,?,E,?,?,Y,?,?,?,?,?,?,?,?,?,?,?,?,?,?,?,?,COIL,0.7,610.0,0,?,0,3,3
769,?,C,W,0,0,?,?,?,310,?,?,G,?,?,?,?,?,?,?,?,?,?,?,?,?,?,?,?,?,?,?,COIL,2.5,610.0,0,?,600,?,3
770,?,C,R,0,0,?,S,2,0,?,?,E,?,?,?,?,B,Y,?,?,?,Y,?,?,?,?,?,?,?,?,?,SHEET,1.2,609.9,4170,?,0,?,3
771,TN,C,A,0,0,?,?,3,0,N,?,?,?,?,?,?,?,?,?,C,?,?,?,?,?,?,?,?,?,?,?,SHEET,0.6,335.0,611,?,0,?,5
772,?,C,R,0,0,?,S,2,0,?,?,E,?,?,?,Y,?,?,?,?,?,?,?,?,?,?,?,?,?,?,?,SHEET,3.2,1300.0,4880,?,0,?,3
773,?,C,A,0,0,?,S,2,0,?,?,F,?,?,Y,?,?,Y,?,?,?,?,?,?,?,?,?,?,?,?,?,SHEET,0.6,610.0,4880,?,0,?,3
774,?,C,A,0,0,?,S,2,0,?,?,G,?,?,?,Y,?,?,?,?,?,?,?,?,?,?,?,?,?,?,?,SHEET,0.7,610.0,4880,?,0,?,3
775,?,C,A,0,0,?,S,2,0,?,?,E,?,?,?,?,?,?,?,?,?,?,?,?,?,?,C,?,?,?,?,COIL,0.6990000000000001,610.0,0,N,0,?,3
776,?,C,?,0,0,?,S,1,0,?,?,G,?,?,?,?,?,?,?,?,?,?,?,?,?,?,?,?,?,?,?,SHEET,0.6990000000000001,374.9,4880,?,0,?,3
777,?,C,R,0,0,?,S,3,0,?,?,?,?,?,?,?,B,Y,?,?,?,?,?,?,?,?,?,?,?,?,?,SHEET,1.599,1320.0,4880,?,0,?,2
778,?,C,A,0,0,?,S,2,0,?,?,E,?,?,?,?,?,Y,?,?,?,?,?,?,?,?,?,?,?,?,?,SHEET,0.3,610.0,4880,Y,0,?,3
779,?,C,A,0,0,?,S,2,0,?,?,G,?,?,?,?,?,?,?,?,?,?,?,?,?,?,?,?,?,?,?,SHEET,0.4,610.0,762,N,0,?,3
780,?,C,R,0,0,?,S,2,0,?,?,E,?,?,?,?,B,Y,?,?,?,?,?,?,?,?,?,?,?,?,?,SHEET,0.6990000000000001,375.0,612,?,0,?,3
781,?,C,?,0,0,?,S,1,0,?,?,G,?,?,?,?,?,?,?,?,?,?,?,?,?,?,?,?,?,?,?,COIL,0.3,20.0,0,?,0,?,3
782,?,C,A,0,0,?,S,2,0,?,?,E,?,?,?,?,B,?,?,?,?,?,?,?,?,?,?,?,?,?,?,COIL,0.4,610.0,0,?,0,?,3
783,?,C,A,0,45,?,S,?,0,?,?,D,?,?,?,?,B,?,?,?,?,?,?,?,?,?,?,?,?,?,?,SHEET,1.6,610.0,4880,?,0,?,3
784,?,C,R,0,0,?,S,2,0,?,?,E,?,?,Y,?,?,?,?,?,?,?,?,?,?,?,?,?,?,?,?,SHEET,1.601,1320.0,4880,?,0,?,3
785,?,C,A,0,0,?,S,2,0,?,?,E,?,?,?,?,?,?,?,?,?,?,?,?,?,?,?,Y,?,?,?,COIL,3.201,609.9,0,?,0,?,3
786,?,C,K,45,0,?,?,?,0,?,?,?,?,?,?,?,M,?,?,?,?,?,?,?,?,?,?,?,?,?,?,COIL,2.3,900.0,0,?,600,?,3
787,?,C,R,0,0,?,S,2,0,?,?,E,?,?,?,?,?,Y,?,?,?,?,?,?,?,?,?,?,?,?,?,SHEET,3.2,150.0,762,?,0,?,3
788,?,C,V,0,0,?,S,2,0,?,?,?,2,?,?,?,?,?,?,?,?,?,?,?,?,?,?,?,?,?,?,SHEET,0.8,610.0,4880,?,0,?,2
789,TN,C,?,0,0,?,A,1,0,?,?,?,?,?,?,?,?,?,?,C,?,?,?,?,?,?,?,?,?,?,?,COIL,0.8,250.0,0,?,0,?,5
790,?,C,R,0,0,?,S,2,0,?,?,E,?,?,?,?,?,Y,?,?,?,?,?,?,?,?,?,?,?,?,?,SHEET,3.2,1300.0,4880,?,0,?,3
791,?,C,K,55,0,?,?,?,0,?,?,?,?,?,?,?,M,?,?,?,?,?,?,?,?,?,?,?,?,?,?,COIL,3.2,900.0,0,?,600,?,3
792,?,C,R,0,0,?,S,2,0,?,?,E,?,?,?,?,?,?,?,?,?,?,?,?,?,?,?,?,?,?,?,COIL,0.9,966.0,0,?,0,?,3
793,?,C,A,0,50,T,?,?,0,?,?,G,?,?,?,?,?,?,?,?,?,?,?,?,?,?,?,Y,?,?,?,COIL,1.001,50.0,0,Y,0,?,3
794,?,C,?,0,0,?,S,1,0,?,?,G,?,?,?,?,?,?,?,?,?,?,?,?,?,?,?,?,?,?,?,SHEET,0.6990000000000001,1300.0,4880,?,0,?,3
795,?,C,A,0,0,?,S,2,0,?,?,E,?,?,?,?,B,?,?,?,?,?,?,?,?,?,?,?,?,?,?,COIL,0.4,609.9,0,?,0,?,3
796,?,C,A,0,0,?,S,2,0,?,?,G,?,?,?,?,B,?,?,?,?,?,?,?,?,?,?,?,?,?,?,SHEET,3.2,610.0,4880,?,0,?,3
797,?,C,R,0,0,?,S,2,0,?,?,?,?,?,Y,?,?,?,?,?,?,?,?,?,?,?,?,?,?,?,?,SHEET,1.599,1500.0,4170,?,0,?,2
